collect(date),sampling(point),do(mg/l),temp(deg_c),ph(),no2+no3(mg/l),nh3_n(mg/l),tkn(mg/l),tot_p(mg/l),so4(mg/l),tds(mg/l),ss(mg/l),(),vss(mg/l),turb(ntu),turb(qual_code),alk(mg/l),cl(mg/l),(),f(mg/l),toc(mg/l),phenol(ug/l),cn(mg/l),(),cn_wad(mg/l),fog(mg/l),radiochem(alpha),radiochem(beta),fec_col(cts/100ml),e_coli(cts/100ml),chloroph(yll_a),as_tot(mg/l),as_sol(mg/l),ba_tot(mg/l),ba_sol(mg/l),b_tot(mg/l),b_sol(mg/l),cd_tot(mg/l),cd_sol(mg/l),ca_tot(mg/l),ca_sol(mg/l),cr_tot(mg/l),cr_sol(mg/l),cr6(ug/l),cu_tot(mg/l),cu_sol(mg/l),fe_tot(mg/l),fe_sol(mg/l),pb_tot(mg/l),pb_sol(mg/l),mg_tot(mg/l),mg_sol(mg/l),mn_tot(mg/l),mn_sol(mg/l),hg_tot(ug/l),hg_sol(ug/l),ni_tot(mg/l),ni_sol(mg/l),se_tot(mg/l),se_sol(mg/l),ag_tot(mg/l),ag_sol(mg/l),zn_tot(mg/l),zn_sol(mg/l),hg_ll(ng/l),benzene(ug/l),ethylbenzene(ug/l),toluene(ug/l),xylenes_(total)(ug/l),m__and/or_p_xylenes(ug/l),o_xylene(ug/l)
2010-09-07 00:00:00,ww_12,7.1,19.6,7.17,0.308,0.0,0.95,0.0,56.56,562.0,18.0,,4.0,21.8,aq,159.0,149.0,,0.19,7.5,0.0,0.0,,0.0,,<1.06,3.08,250.0,,9.5,0.0,0.0,0.046,0.04,0.096,0.1,0.0,0.0,54.51,53.6,0.0,0.0,0.0,0.0,0.0,0.92,0.0,0.0,0.0,22.45,22.9,0.0766,0.034,0.0,,0.0,0.0,0.0,0.0,0.0,0.0,0.0,0.0,1.1,,,,,,
2010-09-07 00:00:00,ww_13,7.4,20.1,7.69,9.366,0.1,1.2,1.13,65.32,618.0,12.0,,0.0,7.1,aq,170.0,166.0,,0.5,5.8,6.0,0.0,,0.0,,<0.93,4.76,130.0,100.0,6.1,0.0,0.0,0.0424,0.038,0.19,0.19,0.0,0.0,60.79,61.3,0.0,0.0,0.0,0.0,0.0,0.42,0.0,0.0,0.0,24.99,26.2,0.0575,0.036,0.0,,0.0,0.0,0.0,0.0,0.0,0.0,0.0,0.0,1.2,,,,,,
2010-09-07 00:00:00,ww_78,8.3,21.8,7.83,7.025,0.31,1.54,0.57,79.71,666.0,0.0,,0.0,1.6,aq,192.0,140.0,,0.75,6.0,5.0,0.0,,0.0011,,0.9,3.59,20.0,,1.7,0.0,0.0,0.0222,0.019,0.228,0.22,0.0,0.0,71.83,71.7,0.0,0.0,0.0,0.0,0.0,0.0,0.0,0.0,0.0,24.94,25.9,0.0308,0.019,0.0,,0.0,0.013,0.0,0.0,0.0,0.0,0.0,0.02,0.0,,,,,,
2010-09-07 00:00:00,ww_17,6.7,21.1,7.76,6.472,0.12,1.01,0.81,63.09,618.0,10.0,,0.0,5.2,aq,157.0,170.0,,0.42,6.2,0.0,0.0,,0.0,,<1.57,<2.59,140.0,70.0,1.4,0.0,0.0,0.0435,0.039,0.167,0.16,0.0,0.0,55.53,55.2,0.0,0.0,0.0,0.0,0.0,0.32,0.0,0.0,0.0,23.52,24.0,0.0496,0.038,0.0,,0.0,0.0,0.0,0.0,0.0,0.0,0.0,0.0,1.3,,,,,,
2010-09-07 00:00:00,ww_19,6.2,21.0,7.74,5.147,0.12,1.47,0.62,62.03,554.0,14.0,,0.0,8.1,aq,159.0,158.0,,0.45,5.5,0.0,0.0,,0.0,,<0.85,4.3,330.0,280.0,1.0,0.0,0.0,0.037,0.033,0.166,0.17,0.0,0.0,56.16,56.6,0.0,0.0,0.0,0.0,0.0,0.45,0.0,0.0,0.0,22.78,23.6,0.053,0.04,0.0,,0.0,0.0,0.0,0.0,0.0,0.0,0.0,0.0,1.9,,,,,,
2010-09-07 00:00:00,ww_20,6.3,21.6,7.78,5.255,0.0,0.92,0.67,64.1,578.0,14.0,,0.0,9.1,aq,162.0,164.0,,0.45,5.6,0.0,0.0,,0.001,,<1.49,3.37,310.0,260.0,1.1,0.0,0.0,0.0373,0.033,0.185,0.18,0.0,0.0,58.16,57.0,0.0,0.0,0.0,0.0,0.0,0.54,0.0,0.0,0.0,23.86,23.9,0.0575,0.047,0.0,,0.0,0.0,0.0,0.0,0.0,0.0,0.0,0.0,2.4,,,,,,
2010-09-07 00:00:00,ww_24,6.9,20.7,7.45,4.467,0.13,1.05,0.75,57.83,488.0,18.0,,4.0,8.9,aq,138.0,141.0,,0.37,5.7,6.0,0.0,,0.0011,,0.91,3.5,100.0,,2.3,0.0,0.0,0.0332,0.027,0.149,0.15,0.0,0.0,50.05,49.2,0.0,0.0,0.0,0.0,0.0,0.67,0.0,0.0,0.0,20.53,20.9,0.0478,0.028,0.0,,0.0,0.0,0.0,0.0,0.0,0.0,0.0,0.0,2.6,,,,,,
2010-09-07 00:00:00,ww_109,6.8,21.2,7.6,3.113,0.0,1.04,0.6,58.16,498.0,13.0,,0.0,10.0,aq,135.0,138.0,,0.31,5.5,0.0,0.0,,0.0011,,<1.30,<2.95,370.0,,8.5,0.0,0.0,0.0326,0.028,0.139,0.14,0.0,0.0,49.12,49.1,0.0,0.0,0.0,0.0,0.0,0.49,0.0,0.0,0.0,20.26,21.0,0.0397,0.026,0.0,,0.0,0.0,0.0,0.0,0.0,0.0,0.0,0.0,2.5,,,,,,
2010-09-07 00:00:00,ww_22,7.7,20.4,7.79,4.287,0.0,0.82,0.71,56.13,534.0,15.0,,0.0,11.5,aq,145.0,145.0,,0.39,5.6,0.0,0.0,,0.001,,<1.49,<2.92,400.0,350.0,4.7,0.0,0.0,0.0342,0.03,0.153,0.15,0.0,0.0,51.06,50.6,0.0,0.0,0.0,0.0,0.0,0.52,0.0,0.0,0.0,20.86,21.4,0.0401,0.022,0.0,,0.0,0.0,0.0,0.0,0.0,0.0,0.0,0.0,3.5,,,,,,
2010-09-07 00:00:00,ww_23,7.6,20.0,7.82,3.456,0.0,0.92,0.53,60.33,588.0,24.0,,5.0,16.1,aq,141.0,144.0,,0.35,5.3,0.0,0.0,,0.0,,<1.63,<2.68,460.0,380.0,7.0,0.0,0.0,0.0345,0.029,0.151,0.15,0.0,0.0,50.25,50.3,0.0,0.0,0.0,0.0,0.0,0.74,0.0,0.0,0.0,20.95,21.6,0.0704,0.046,0.0,,0.0,0.0,0.0,0.0,0.0,0.0,0.0,0.0,4.9,,,,,,
2010-09-07 00:00:00,ww_29,8.0,20.4,7.85,3.281,0.0,0.88,0.47,57.12,550.0,20.0,,5.0,11.6,aq,139.0,135.0,,0.33,5.5,5.0,0.0,,0.0,,<1.82,<2.21,170.0,180.0,12.5,0.0,0.0,0.0321,0.027,0.135,0.14,0.0,0.0,48.85,49.5,0.0,0.0,0.0,0.0,0.0,0.57,0.0,0.0,0.0,19.86,20.8,0.0643,0.03,0.0,,0.0,0.0,0.0,0.0,0.0,0.0,0.0,0.0,4.3,,,,,,
2010-09-07 00:00:00,ww_91,9.3,21.6,8.26,2.874,0.0,1.12,0.5,55.09,442.0,20.0,,5.0,11.5,aq,138.0,134.0,,0.33,5.4,0.0,0.0,,0.001,,0.87,3.4,50.0,30.0,27.9,0.0,0.0,0.0331,0.026,0.138,0.13,0.0,0.0,50.02,48.2,0.0,0.0,0.0,0.0,0.0,0.54,0.0,0.0,0.0,20.2,20.2,0.0496,0.012,0.0,,0.0,0.0,0.0,0.0,0.0,0.0,0.0,0.0,3.4,,,,,,
2010-09-07 00:00:00,ww_79,6.9,20.0,7.8,0.0,0.0,1.6,0.12,38.06,550.0,23.0,,7.0,25.7,aq,129.0,174.0,,0.18,6.6,0.0,0.0,,0.0,,<1.15,<2.79,170.0,,52.3,0.0,0.0,0.0351,0.025,0.074,0.07,0.0,0.0,43.52,42.5,0.0,0.0,0.0,0.0,0.0,1.4,0.0,0.0,0.0,16.83,17.0,0.1129,0.005,0.0,,0.0,0.0,0.0,0.0,0.0,0.0,0.0,0.0,1.8,,,,,,
2010-09-07 00:00:00,ww_80,6.2,20.3,7.67,6.591,0.0,1.39,1.55,51.22,478.0,15.0,,5.0,11.7,aq,125.0,145.0,,0.49,6.2,0.0,0.0,,0.0023,,<1.14,3.75,60.0,,29.6,0.0,0.0,0.0336,0.021,0.238,0.23,0.0,0.0,47.97,47.8,0.0,0.0,0.0,0.0,0.0,0.45,0.0,0.0,0.0,18.03,18.6,0.0542,0.013,0.0,,0.0,0.011,0.0,0.0,0.0,0.0,0.0,0.0,2.7,,,,,,
2010-09-07 00:00:00,ww_18,6.2,20.3,7.6,6.452,0.0,1.54,1.58,51.78,496.0,13.0,,5.0,9.2,aq,126.0,145.0,,0.48,7.4,0.0,0.0,,0.0016,,<2.58,<2.96,100.0,,29.7,0.0,0.0,0.0331,0.022,0.235,0.23,0.0,0.0,48.02,47.7,0.0,0.0,0.0,0.0,0.0,0.45,0.0,0.0,0.0,18.05,18.5,0.0542,0.018,0.0,,0.0,0.0,0.0,0.0,0.0,0.0,0.0,0.0,1.1,,,,,,
2010-09-07 00:00:00,ww_90,8.1,20.0,7.7,0.19,0.0,0.99,0.28,36.04,530.0,11.0,,4.0,7.2,aq,194.0,147.0,,0.2,6.1,6.0,0.0,,0.0,,0.56,<2.50,200.0,,14.2,0.0,0.0,0.0643,0.058,0.063,0.0,0.0,0.0,57.99,57.0,0.018,0.0,0.0,0.0,0.0,0.71,0.0,0.0,0.0,24.46,24.8,0.1163,0.086,0.0,,0.0,0.0,0.0,0.0,0.0,0.0,0.0,0.0,0.0,,,,,,
2010-09-07 00:00:00,ww_110,5.5,20.4,7.77,0.47,0.11,1.11,0.26,52.93,716.0,6.0,,0.0,7.3,aq,239.0,180.0,,0.24,15.0,0.0,0.0,,0.0,,<1.94,<2.59,2600.0,,4.6,0.0,0.0,0.0512,0.048,0.091,0.09,0.0,0.0,78.35,78.8,0.0,0.0,0.0,0.0,0.0,0.72,0.3,0.0,0.0,27.37,28.4,0.0596,0.054,0.0,,0.0,0.0,0.0,0.0,0.0,0.0,0.0,0.0,0.0,,,,,,
2010-09-07 00:00:00,ww_89,6.3,22.3,7.8,13.344,0.0,1.8,2.75,54.35,508.0,109.0,,20.0,12.7,aq,141.0,105.0,,0.74,5.9,0.0,0.005,,0.0038,,<3.43,9.69,120.0,,1.1,0.0,0.0,0.0285,0.024,0.258,0.25,0.0,0.0,56.12,56.4,0.0,0.0,0.0,0.0,0.007,0.0,0.0,0.0,0.0,19.98,20.9,0.026,0.023,0.0,,0.0,0.0,0.0,0.0,0.0,0.0,0.0,0.03,5.1,,,,,,
2010-09-07 00:00:00,ww_92,5.5,23.9,7.45,5.362,0.25,1.06,1.31,68.28,294.0,10.0,,0.0,7.2,aq,118.0,88.0,,0.5,4.4,5.0,0.0,,0.0015,0.0,,,360.0,,4.3,0.0,0.0,0.0214,0.016,0.178,0.18,0.0,0.0,45.53,46.4,0.0,0.0,0.0,0.0,0.0,0.32,0.0,0.0,0.0,15.38,16.2,0.0272,0.019,0.0,,0.0,0.0,0.0,0.0,0.0,0.0,0.0,0.0,,,,,,,
2010-09-13 00:00:00,ww_106,5.6,22.3,7.3,10.569,0.3,1.26,1.58,45.75,772.0,6.0,,0.0,8.5,aq,153.0,248.0,,0.58,5.4,5.0,0.0,,0.0015,,2.87,7.23,540.0,,2.7,0.0,0.0,0.0655,0.059,0.176,0.17,0.0,0.0,57.8,56.9,0.0,0.0,0.0,0.0,0.012,0.41,0.0,0.0,0.0,23.96,24.5,0.0402,0.024,0.0,,0.0,0.0,0.0,0.0,0.0,0.0,0.0,0.0,1.2,,,,,,
2010-09-13 00:00:00,ww_31,5.6,19.0,7.74,0.185,0.0,0.83,0.26,42.46,546.0,7.0,,0.0,8.0,aq,160.0,175.0,,0.26,7.2,0.0,0.0,,0.0,,<2.93,3.87,510.0,,2.7,0.0,0.0,0.0344,0.03,0.094,0.09,0.0,0.0,45.95,44.8,0.0,0.0,0.0,0.0,0.0,0.44,0.0,0.0,0.0,18.48,18.8,0.0708,0.049,0.0,,0.0,0.0,0.0,0.0,0.0,0.0,0.0,0.0,1.0,,,,,,
2010-09-13 00:00:00,ww_32,5.8,18.9,7.74,0.339,0.0,0.65,0.18,39.53,538.0,4.0,,0.0,5.1,aq,150.0,130.0,,0.26,5.4,0.0,0.0,,0.0,,<2.11,4.83,240.0,,2.2,0.0,0.0,0.0366,0.032,0.112,0.11,0.0,0.0,47.03,46.9,0.0,0.0,0.0,0.0,0.0,0.37,0.0,0.0,0.0,18.64,19.4,0.0912,0.089,0.0,,0.0,0.0,0.0,0.0,0.0,0.0,0.0,0.0,2.1,,,,,,
2010-09-13 00:00:00,ww_105,6.3,20.2,7.54,7.375,0.0,1.12,1.16,48.28,546.0,15.0,,0.0,11.3,aq,139.0,136.0,,0.59,5.4,7.0,0.0,,0.0,,<4.45,6.23,40.0,,13.5,0.0,0.0,0.0301,0.024,0.159,0.15,0.0,0.0,49.89,48.4,0.0,0.0,0.0,0.0,0.0,0.53,0.0,0.0,0.0,20.44,20.8,0.0577,0.034,0.0,,0.0,0.0,0.0,0.0,0.0,0.0,0.0,0.0,1.9,,,,,,
2010-09-13 00:00:00,ww_104,5.5,20.8,7.69,6.321,0.0,0.99,0.97,43.15,552.0,4.0,,0.0,4.8,aq,139.0,149.0,,0.55,5.5,0.0,0.0,,0.0,,<2.44,7.68,80.0,,1.1,0.0,0.0,0.0283,0.025,0.15,0.15,0.0,0.0,47.69,47.0,0.0,0.0,0.0,0.0,0.0,0.22,0.0,0.0,0.0,19.87,20.5,0.049,0.039,0.0,,0.0,0.0,0.0,0.0,0.0,0.0,0.0,0.0,1.2,,,,,,
2010-09-13 00:00:00,ww_103,5.8,20.5,7.65,3.527,0.0,1.29,0.4,41.85,562.0,23.0,,6.0,19.5,aq,130.0,161.0,,0.39,5.7,6.0,0.0,,0.0,,<1.54,8.48,730.0,,47.3,0.0,0.0,0.0444,0.036,0.128,0.12,0.0,0.0,48.65,46.8,0.0,0.0,0.0,0.0,0.0,0.73,0.0,0.0,0.0,18.55,18.5,0.053,0.018,0.0,,0.0,0.0,0.0,0.0,0.0,0.0,0.0,0.0,8.2,,,,,,
2010-09-13 00:00:00,ww_37,5.6,21.5,7.28,6.819,0.92,1.74,1.35,38.19,424.0,11.0,,0.0,6.9,aq,128.0,84.0,,0.66,5.5,0.0,0.0,d,0.001,0.0,,,6300.0,,2.0,0.0,0.0,0.0241,0.02,0.146,0.14,0.0,0.0,47.59,46.8,0.0,0.0,0.0,0.0,0.0,0.25,0.0,0.0,0.0,16.49,16.9,0.0211,0.015,0.0,,0.0,0.0,0.0,0.0,0.0,0.0,0.0,0.02,,,,,,,
2010-09-13 00:00:00,ww_73,5.5,21.5,7.28,6.337,0.24,1.0,0.64,37.22,428.0,15.0,,0.0,10.5,aq,122.0,83.0,,0.63,4.4,0.0,0.0,,0.0011,0.0,,,3000.0,,3.5,0.0,0.0,0.0236,0.02,0.122,0.13,0.0,0.0,45.53,46.3,0.0,0.0,0.0,0.0,0.0,0.33,0.0,0.0,0.0,15.43,16.3,0.0198,0.014,0.0,,0.0,0.0,0.0,0.0,0.0,0.0,0.0,0.0,,,,,,,
2010-09-13 00:00:00,ww_46,5.1,21.2,7.27,7.485,0.79,1.67,0.62,41.79,482.0,19.0,,4.0,14.6,aq,132.0,107.0,,0.77,5.1,0.0,0.0,,0.001,0.0,,,2900.0,,1.2,0.0,0.0,0.0278,0.021,0.153,0.15,0.0,0.0,51.74,51.0,0.0,0.0,0.0,0.0,0.0,0.43,0.0,0.0,0.0,17.87,18.2,0.0339,0.026,0.0,,0.0,0.0,0.0,0.0,0.0,0.0,0.0,0.02,,,,,,,
2010-09-13 00:00:00,ww_35,8.5,17.0,8.21,0.244,0.0,0.0,0.0,21.23,276.0,0.0,,0.0,2.0,aq,112.0,12.0,al,0.12,2.4,0.0,0.0,,0.0,,<0.85,<2.33,20.0,,1.1,0.0,0.0,0.0232,0.021,0.0,0.0,0.0,0.0,34.82,34.2,0.0,0.0,0.0,0.0,0.0,0.0,0.0,0.0,0.0,11.28,11.8,0.0084,0.005,0.0,,0.0,0.0,0.0,0.0,0.0,0.0,0.0,0.0,0.83,,,,,,
2010-09-13 00:00:00,ww_102,6.2,18.8,8.31,0.224,0.0,0.0,0.1,25.4,210.0,61.0,,6.0,34.5,aq,110.0,13.0,al,0.12,3.1,0.0,0.0,,0.0,0.0,<1.95,<2.97,180.0,,2.6,0.0,0.0,0.03,0.021,0.0,0.0,0.0,0.0,38.3,34.5,0.0,0.0,0.0,0.0,0.0,1.3,0.0,0.0,0.0,13.14,11.9,0.0288,0.006,0.0,,0.0,0.0,0.0,0.0,0.0,0.0,0.0,0.0,20.0,,,,,,
2010-09-13 00:00:00,ww_36,7.1,21.7,7.43,5.524,0.99,1.68,1.42,35.83,394.0,8.0,,0.0,6.6,aq,130.0,67.0,,0.65,4.4,0.0,0.0,,0.0011,0.0,<1.03,6.95,6700.0,,0.8,0.0,0.0,0.022,0.018,0.149,0.15,0.0,0.0,46.2,45.4,0.0,0.0,0.0,0.0,0.0,0.24,0.0,0.0,0.0,15.78,16.2,0.0263,0.023,0.0,,0.0,0.0,0.0,0.0,0.0,0.0,0.0,0.02,,,,,,,
2010-09-13 00:00:00,ww_101,6.5,21.2,7.39,5.614,1.15,1.85,1.48,36.17,400.0,14.0,,0.0,10.1,aq,128.0,64.0,,0.62,4.5,0.0,0.0,,0.0,0.0,,,5100.0,,1.0,0.0,0.0,0.0226,0.019,0.137,0.14,0.0,0.0,45.87,45.0,0.0,0.0,0.0,0.0,0.0,0.25,0.0,0.0,0.0,15.61,16.0,0.0226,0.016,0.0,,0.0,0.0,0.0,0.0,0.0,0.0,0.0,0.0,,,,,,,
2010-09-13 00:00:00,ww_96,6.2,21.1,8.04,5.265,0.17,0.86,0.73,44.5,574.0,11.0,,0.0,11.5,aq,142.0,171.0,,0.5,5.6,0.0,0.0,,0.0,,<3.22,7.1,600.0,,5.3,0.0,0.0,0.0366,0.031,0.143,0.14,0.0,0.0,50.11,48.6,0.0,0.0,0.0,0.0,0.0,0.51,0.0,0.0,0.0,20.4,20.5,0.0291,0.015,0.0,,0.0,0.0,0.0,0.0,0.0,0.0,0.0,0.0,3.9,,,,,,
2010-09-13 00:00:00,ww_92,5.6,25.2,7.3,4.709,0.3,0.94,1.17,66.74,472.0,8.0,,0.0,5.4,aq,130.0,93.0,,0.55,4.7,0.0,0.0,,0.0013,0.0,,,160.0,,6.1,0.0,0.0,0.0215,0.017,0.179,0.18,0.0,0.0,49.36,48.8,0.0,0.0,0.0,0.0,0.0,0.24,0.0,0.0,0.0,16.84,17.4,0.0327,0.024,0.0,,0.0,0.0,0.0,0.0,0.0,0.0,0.0,0.02,,,,,,,
2010-09-20 00:00:00,ww_74,7.8,19.2,7.12,0.283,0.0,0.0,0.0,22.94,224.0,0.0,,0.0,2.4,aq,109.0,18.0,al,0.14,2.1,0.0,0.0,,0.0,,<0.84,<2.49,<10,,1.4,0.0,0.0,0.024,0.023,0.0,0.0,0.0,0.0,34.81,34.2,0.0,0.0,0.0,0.0,0.0,0.0,0.0,0.0,0.0,11.81,12.1,0.0166,0.004,0.0,,0.0,0.0,0.0,0.0,0.0,0.0,0.0,0.0,1.3,<2,<2,<2,<3,<3,<3
2010-09-20 00:00:00,ww_100,7.9,20.5,7.26,1.094,0.13,0.0,0.13,24.54,224.0,6.0,,0.0,4.7,aq,109.0,19.0,,0.2,2.4,0.0,0.0,,0.0,,<1.15,<2.60,240.0,,0.5,0.0,0.0,0.0232,0.022,0.0,0.0,0.0,0.0,35.82,35.2,0.0,0.0,0.0,0.0,0.006,0.0,0.0,0.0,0.0,12.17,12.5,0.0076,0.005,0.0,,0.0,0.0,0.0,0.0,0.0,0.0,0.0,0.0,3.5,<2,<2,<2,<3,<3,<3
2010-09-20 00:00:00,ww_39,7.0,19.7,7.31,5.062,0.44,1.04,0.9,37.91,354.0,16.0,,0.0,13.8,aq,120.0,69.0,,0.54,3.9,0.0,0.0,,0.0,0.0,,,2000.0,,1.0,0.0,0.0,0.0233,0.019,0.106,0.11,0.0,0.0,43.04,43.1,0.0,0.0,0.0,0.0,0.0,0.36,0.0,0.0,0.0,15.01,15.5,0.0247,0.018,0.0,,0.0,0.0,0.0,0.0,0.0,0.0,0.0,0.0,,<2,<2,<2,<3,<3,<3
2010-09-20 00:00:00,ww_108,6.6,24.0,7.32,3.968,0.43,0.95,0.42,34.06,336.0,21.0,,4.0,16.3,aq,114.0,60.0,,0.44,3.7,0.0,0.0,,0.0,0.0,,,300.0,,1.3,0.0,0.0,0.0241,0.019,0.088,0.09,0.0,0.0,41.54,40.7,0.0,0.0,0.0,0.0,0.005,0.5,0.0,0.0,0.0,14.23,14.3,0.0302,0.029,0.0,,0.0,0.0,0.0,0.0,0.0,0.0,0.0,0.0,,<2,<2,<2,<3,<3,<3
2010-09-20 00:00:00,ww_99,5.5,20.3,7.4,4.96,0.73,1.25,0.57,37.4,354.0,15.0,,4.0,12.3,aq,122.0,75.0,,0.55,3.8,0.0,0.0,,0.0012,0.0,,,220.0,,3.8,0.0,0.0,0.0236,0.019,0.109,0.11,0.0,0.0,44.62,44.0,0.0,0.0,0.0,0.0,0.0,0.43,0.0,0.0,0.0,15.42,15.6,0.027,0.02,0.0,,0.0,0.0,0.0,0.0,0.0,0.0,0.0,0.0,,<2,<2,<2,<3,<3,<3
2010-09-20 00:00:00,ww_40,6.1,23.0,7.43,4.938,0.68,1.34,0.6,35.98,366.0,15.0,,4.0,13.2,aq,120.0,72.0,,0.54,3.7,0.0,0.0,,0.0,0.0,,,110.0,,1.1,0.0,0.0,0.0243,0.019,0.109,0.11,0.0,0.0,44.77,43.7,0.0,0.0,0.0,0.0,0.0,0.43,0.0,0.0,0.0,15.46,15.5,0.0295,0.027,0.0,,0.0,0.009,0.0,0.0,0.0,0.0,0.0,0.0,,<2,<2,<2,<3,<3,<3
2010-09-20 00:00:00,ww_75,6.0,19.3,6.7,4.893,0.53,1.05,0.56,39.49,358.0,12.0,,0.0,10.1,aq,121.0,69.0,,0.53,3.3,0.0,0.0,,0.0,0.0,<2.59,<3.38,20.0,,2.1,0.0,0.0,0.0235,0.019,0.112,0.11,0.0,0.0,45.08,44.2,0.0,0.0,0.0,0.0,0.0,0.35,0.0,0.0,0.0,15.61,15.7,0.0308,0.013,0.0,,0.0,0.0,0.0,0.0,0.0,0.0,0.0,0.0,,<2,<2,<2,<3,<3,<3
2010-09-20 00:00:00,ww_92,3.9,21.1,7.11,4.911,0.35,1.06,1.35,66.38,492.0,9.0,,0.0,7.3,aq,131.0,89.0,,0.59,3.9,0.0,0.0,,0.0014,0.0,<2.44,6.66,330.0,,3.8,0.0,0.0,0.0189,0.016,0.192,0.19,0.0,0.0,49.46,49.5,0.0,0.0,0.0,0.0,0.0,0.21,0.0,0.0,0.0,17.27,17.7,0.0232,0.018,0.0,,0.0,0.0,0.0,0.0,0.0,0.0,0.0,0.0,,<2,<2,<2,<3,<3,<3
2010-09-20 00:00:00,ww_42,5.0,22.1,7.39,6.88,0.6,1.45,0.72,74.58,506.0,6.0,,0.0,4.9,aq,133.0,108.0,,0.77,5.0,0.0,0.0,,0.0013,0.0,,,5900.0,,1.5,0.0,0.0,0.0193,0.017,0.273,0.27,0.0,0.0,52.68,52.1,0.0,0.0,0.0,0.0,0.0,0.0,0.0,0.0,0.0,17.78,18.1,0.02,0.018,0.0,,0.0,0.0,0.0,0.0,0.0,0.0,0.0,0.02,,<2,<2,<2,<3,<3,<3
2010-09-20 00:00:00,ww_48,5.3,22.1,7.59,5.241,0.44,1.26,0.76,68.84,486.0,13.0,,0.0,7.1,aq,128.0,88.0,,0.55,4.1,0.0,0.0,,0.001,0.0,,,460.0,,2.7,0.0,0.0,0.0215,0.018,0.203,0.2,0.0,0.0,49.69,49.0,0.0,0.0,0.0,0.0,0.0,0.32,0.0,0.0,0.0,17.24,17.5,0.0227,0.017,0.0,,0.0,0.0,0.0,0.0,0.0,0.0,0.0,0.0,,<2,<2,<2,<3,<3,<3
2010-09-27 00:00:00,ww_49,8.4,18.0,8.13,0.284,0.1,0.0,0.0,24.02,210.0,4.0,,0.0,1.4,aq,108.0,15.0,al,0.13,2.1,0.0,0.0,,0.0,,0.8,2.55,<10,,1.0,0.0,0.0,0.0231,0.021,0.0,0.0,0.0,0.0,35.25,34.1,0.0,0.0,0.0,0.0,0.0,0.0,0.0,0.0,0.0,11.67,11.8,0.0214,0.005,0.0,,0.0,0.0,0.0,0.0,0.0,0.0,0.0,0.0,0.0,<2,<2,<2,<3,<3,<3
2010-09-27 00:00:00,ww_50,7.2,16.5,8.27,0.042,0.13,0.65,0.0,37.85,328.0,5.0,,0.0,4.1,aq,84.0,83.0,,0.4,5.6,0.0,0.0,,0.0,,<1.78,4.89,30.0,,6.4,0.0,0.0,0.0296,0.029,0.252,0.27,0.0,0.0,24.67,24.9,0.0,0.0,0.0,0.0,0.0,0.0,0.0,0.0,0.0,11.73,12.1,0.0468,0.008,0.0,,0.0,0.0,0.0,0.0,0.0,0.0,0.0,0.0,0.0,<2,<2,<2,<3,<3,<3
2010-09-27 00:00:00,ww_86,4.1,18.8,7.51,0.118,2.7,4.63,1.18,46.17,458.0,16.0,,12.0,11.1,aq,192.0,77.0,,0.54,10.4,0.0,0.0,,0.0,0.0,,,420.0,,447.4,0.0,0.0,0.029,0.015,0.493,0.5,0.0,0.0,60.23,58.2,0.0,0.0,0.0,0.0,0.0,1.08,0.2,0.0,0.0,17.43,17.5,0.129,0.101,0.0,,0.0,0.0,0.0,0.0,0.0,0.0,0.0,0.0,,<2,<2,<2,<3,<3,<3
2010-09-27 00:00:00,ww_55,7.7,18.3,7.79,0.269,0.0,0.0,0.0,24.52,252.0,6.0,,0.0,2.1,aq,107.0,22.0,,0.13,1.7,0.0,0.0,,0.0,,0.43,<2.02,9.0,,1.6,0.0,0.0,0.0232,0.022,0.0,0.0,0.0,0.0,36.01,34.5,0.0,0.0,0.0,0.0,0.0,0.28,0.0,0.0,0.0,11.88,12.1,0.0218,0.012,0.0,,0.0,0.0,0.0,0.0,0.0,0.0,0.0,0.0,2.2,<2,<2,<2,<3,<3,<3
2010-09-27 00:00:00,ww_56,7.6,18.0,7.81,0.28,0.1,0.0,0.0,24.93,260.0,14.0,,0.0,4.8,aq,107.0,27.0,,0.14,1.8,0.0,0.0,,0.0,0.0,<0.84,<2.15,30.0,,2.2,0.0,0.0,0.0244,0.022,0.0,0.0,0.0,0.0,35.87,34.3,0.0,0.0,0.0,0.0,0.0,0.36,0.0,0.0,0.0,12.43,12.4,0.016,0.003,0.0,,0.0,0.0,0.0,0.0,0.0,0.0,0.0,0.0,,<2,<2,<2,<3,<3,<3
2010-09-27 00:00:00,ww_76,5.7,18.1,7.4,1.837,0.15,0.6,1.03,40.87,346.0,11.0,,0.0,6.9,aq,117.0,56.0,,0.28,2.8,0.0,0.0,,0.0,0.0,<0.98,<2.44,660.0,,2.7,0.0,0.0,0.022,0.018,0.073,0.08,0.0,0.0,41.65,40.0,0.0,0.0,0.0,0.0,0.0,0.38,0.0,0.0,0.0,14.23,14.5,0.0219,0.011,0.0,,0.0,0.0,0.0,0.0,0.0,0.0,0.0,0.0,,<2,<2,<2,<3,<3,<3
2010-09-27 00:00:00,ww_57,3.8,16.0,7.32,4.756,0.14,1.0,0.87,261.44,826.0,19.0,,4.0,9.5,aq,158.0,125.0,,0.55,5.2,0.0,0.0,,0.001,,<1.87,4.61,330.0,,3.5,0.0,0.0,0.0327,0.028,0.239,0.25,0.0,0.0,64.22,63.5,0.0,0.0,0.0,0.0,0.0,0.73,0.0,0.0,0.0,24.4,23.9,0.0701,0.049,0.0,,0.0,0.0,0.0,0.0,0.0,0.0,0.0,0.0,6.2,<2,<2,<2,<3,<3,<3
2010-09-27 00:00:00,ww_58,5.2,18.2,7.18,2.148,0.15,0.0,0.98,57.62,376.0,13.0,,0.0,4.0,aq,120.0,60.0,,0.3,3.0,0.0,0.0,,0.0,0.0,,,1100.0,,3.3,0.0,0.0,0.0228,0.019,0.085,0.09,0.0,0.0,43.43,42.0,0.0,0.0,0.0,0.0,0.0,0.3,0.0,0.0,0.0,15.19,15.2,0.0892,0.023,0.0,,0.0,0.0,0.0,0.0,0.0,0.0,0.0,0.0,,<2,<2,<2,<3,<3,<3
2010-09-27 00:00:00,ww_54,6.2,15.5,6.94,16.929,0.19,1.27,2.68,825.4,1812.0,5.0,,0.0,1.9,aq,157.0,145.0,,0.86,6.2,0.0,0.005,,0.0014,,<4.48,5.61,150.0,,1.4,0.0,0.0,0.0269,0.025,0.324,0.34,0.0,0.0,79.29,77.8,0.0,0.0,0.0,0.0,0.0,0.0,0.0,0.0,0.0,28.77,27.6,0.0786,0.071,0.0,,0.0,0.0,0.0,0.0,0.0,0.0,0.0,0.04,1.5,<2,<2,<2,<3,<3,<3
2010-09-27 00:00:00,ww_97,5.2,15.7,7.53,10.073,0.12,0.93,1.69,583.08,1418.0,26.0,x,4.0,12.2,aq,173.0,152.0,,0.65,6.1,0.0,0.0,,0.0,,<3.34,5.37,520.0,,4.5,0.0,0.0,0.0359,0.03,0.306,0.32,0.0,0.0,81.16,78.3,0.0,0.0,0.0,0.0,0.0,0.85,0.0,0.0,0.0,30.21,29.2,0.0603,0.047,0.0,,0.0,0.0,0.0,0.0,0.0,0.0,0.0,0.02,12.0,<2,<2,<2,<3,<3,<3
2010-09-27 00:00:00,ww_52,6.7,16.1,7.33,9.762,0.19,1.13,0.99,129.83,830.0,32.0,,5.0,14.3,aq,218.0,141.0,,0.8,5.1,0.0,0.0,,0.0,,<1.08,5.13,680.0,,2.5,0.0,0.0,0.0377,0.03,0.329,0.34,0.0,0.0,85.49,82.9,0.0,0.0,0.0,0.0,0.0,1.2,0.0,0.0,0.0,34.14,33.1,0.0719,0.051,0.0,,0.0,0.0,0.0,0.0,0.0,0.0,0.0,0.0,5.4,<2,<2,<2,<3,<3,<3
2010-09-27 00:00:00,ww_43,6.6,16.9,6.79,3.296,0.22,0.6,0.84,71.62,412.0,15.0,,0.0,10.2,aq,124.0,65.0,,0.35,3.4,0.0,0.0,,0.0013,0.0,,,50.0,,3.5,0.0,0.0,0.0232,0.019,0.108,0.11,0.0,0.0,46.1,44.5,0.0,0.0,0.0,0.0,0.0,0.45,0.0,0.0,0.0,15.96,16.0,0.0362,0.018,0.0,,0.0,0.0,0.0,0.0,0.0,0.0,0.0,0.0,,,,,,,
2010-09-27 00:00:00,ww_92,5.6,16.5,7.38,5.34,0.23,0.96,1.21,66.33,472.0,9.0,,0.0,4.6,aq,128.0,89.0,,0.62,4.6,0.0,0.0,,0.0011,0.0,,,240.0,,3.8,0.0,0.0,0.0198,0.016,0.184,0.19,0.0,0.0,48.61,48.4,0.0,0.0,0.0,0.0,0.0,0.24,0.0,0.0,0.0,16.98,16.7,0.0248,0.016,0.0,,0.0,0.0,0.0,0.0,0.0,0.0,0.0,0.0,,,,,,,
report_limit,,1.0,,,0.04,0.1,0.5,0.1,2.0,40.0,4.0,,,1.0,,20.0,10.0,,0.1,1.0,5.0,0.005,,0.001,5.0,,,,,,0.04,0.02,0.003,0.004,0.05,0.07,0.003,0.001,0.15,0.3,0.01,0.003,10.0,0.02,0.005,0.2,0.2,0.02,0.03,0.1,0.3,0.003,0.003,0.2,,0.008,0.008,0.06,0.03,0.003,0.003,0.07,0.02,0.5,2.0,2.0,2.0,3.0,3.0,3.0
,,,,,,,,,,,,,,,,,,,,,,,,,,,,,,,,,,,,,,,,,,,,,,,,,,,,,,,,,,,,,,,,,,,,,,
,aqa_verified_reporting_limit_standard_was_not_analyzed.,,,,,,,,,,,,,,,,,,,,,,,,,,,,,,,,,,,,,,,,,,,,,,,,,,,,,,,,,,,,,,,,,,,,,
,xmatrix_spike_failure.,,,,,,,,,,,,,,,,,,,,,,,,,,,,,,,,,,,,,,,,,,,,,,,,,,,,,,,,,,,,,,,,,,,,,
