Outfall Location;Waterway Segment;Date;Start Time; End Time; Duration mins
CDS-45;20;10/30/2013;11:58;0:22;-1416
NBPS (DS-M90 & DS-M91);3;10/31/2013;4:9;6:31;142
CDS-11;21;10/31/2013;0:48;1:29;41
002 Lemont WRP;11;10/31/2013;4:50;9:25;275
PULASKI RD PS (18E-PS);21;10/31/2013;0:39;8:16;457
CDS-2;21;10/31/2013;0:39;8:16;457
CDS-4;21;10/31/2013;0:39;8:16;457
NBPS (DS-M90 & DS-M91);3;10/31/2013;5:9;8:41;212
DS-D28;14;10/31/2013;4:21;7:36;195
DS-D28;14;10/31/2013;8:7;8:11;4
DS-D31;14;10/31/2013;4:47;7:34;167
DS-D31;14;10/31/2013;7:35;7:43;8
DS-D31;14;10/31/2013;8:22;8:25;3
DS-D32;14;10/31/2013;5:9;5:55;46
DS-D32;14;10/31/2013;7:18;7:35;17
DS-D35;14;10/31/2013;4:25;7:38;193
DS-D35;14;10/31/2013;7:48;7:56;8
DS-D36;14;10/31/2013;4:33;7:32;179
DS-D36;14;10/31/2013;8:5;8:8;3
DS-D37,38;16;10/31/2013;6:23;7:33;70
DS-D37,38;16;10/31/2013;7:48;7:55;7
DS-D41;15;10/31/2013;4:20;7:27;187
DS-D41;15;10/31/2013;7:36;7:39;3
DS-D41;15;10/31/2013;8:5;8:8;3
DS-D41;15;10/31/2013;8:16;8:20;4
DS-D43;15;10/31/2013;4:24;7:31;187
DS-D43;15;10/31/2013;7:45;7:54;9
DS-D47,50,51;16;10/31/2013;5:1;7:31;150
DS-D47,50,51;16;10/31/2013;7:37;7:41;4
DS-D47,50,51;16;10/31/2013;7:51;7:59;8
DS-D47,50,51;16;10/31/2013;8:5;8:18;13
DS-D47,50,51;16;10/31/2013;5:22;7:30;128
DS-D47,50,51;16;10/31/2013;7:36;7:38;2
DS-D47,50,51;16;10/31/2013;7:50;7:54;4
DS-D47,50,51;16;10/31/2013;7:55;7:57;2
DS-D47,50,51;16;10/31/2013;5:33;7:54;141
DS-D47,50,51;16;10/31/2013;8:3;8:11;8
DS-D47,50,51;16;10/31/2013;8:3;8:16;13
DS-D48;15;10/31/2013;4:22;7:31;189
DS-D49;15;10/31/2013;4:20;7:30;190
DS-D49;15;10/31/2013;7:38;7:41;3
DS-D49;15;10/31/2013;7:50;7:59;9
DS-D49;15;10/31/2013;8:6;8:17;11
DS-D52;14;10/31/2013;4:24;8:1;217
DS-M03;9;10/31/2013;0:49;11:38;649
DS-M08;9;10/31/2013;0:50;11:59;669
DS-M09;9;10/31/2013;2:57;4:24;87
DS-M09;9;10/31/2013;4:44;9:53;309
DS-M09;9;10/31/2013;2:49;11:59;1270
DS-M10;9;10/31/2013;5:44;9:15;211
DS-M10;9;10/31/2013;5:35;6:41;66
DS-M10;9;10/31/2013;5:45;9:10;205
DS-M10;9;10/31/2013;5:36;6:41;65
DS-M10;9;10/31/2013;5:45;9:16;211
DS-M10;9;10/31/2013;5:35;6:42;67
DS-M11;9;10/31/2013;4:55;10:35;1060
DS-M13;8;10/31/2013;4:39;10:9;330
DS-M13;8;10/31/2013;5:2;6:0;58
DS-M15;8;10/31/2013;4:24;11:59;1175
DS-M19;8;10/31/2013;1:12;9:17;485
DS-M20;8;10/31/2013;1:6;1:53;47
DS-M20;8;10/31/2013;2:29;11:6;517
DS-M20;8;10/31/2013;5:18;6:16;58
DS-M21;8;10/31/2013;2:23;7:42;319
DS-M21;8;10/31/2013;10:31;11:59;808
DS-M25;6;10/31/2013;0:51;1:12;21
DS-M25;6;10/31/2013;1:50;6:47;297
DS-M26;7;10/31/2013;1:20;1:30;10
DS-M26;7;10/31/2013;1:42;2:7;25
DS-M26;7;10/31/2013;2:26;7:16;290
DS-M26;7;10/31/2013;7:20;7:24;4
DS-M30;7;10/31/2013;0:49;11:59;670
DS-M38;6;10/31/2013;2:35;10:7;452
DS-M38;6;10/31/2013;2:35;10:6;451
WCPS (DS-D34-AI);23;10/31/2013;5:30;8:0;870
RAPS (DS-M27, DS-M28, DS-M29);7;10/31/2013;1:14;11:59;1365
TG-I12;8;10/31/2013;2:31;7:54;323
TG-I12;8;10/31/2013;8:7;9:23;76
TG-I28 & I29;6;10/31/2013;2:36;9:24;408
TG-I32;6;10/31/2013;2:34;4:16;102
TG-I32;6;10/31/2013;4:37;8:3;206
TG-I32;6;10/31/2013;8:12;8:53;41
TG-I9;8;10/31/2013;2:29;7:49;320
TG-I9;8;10/31/2013;8:8;8:36;28
TG-M16;8;10/31/2013;2:40;3:41;61
TG-M16;8;10/31/2013;4:38;9:3;265
TG-M22;8;10/31/2013;4:46;8:21;215
TG-M22;8;10/31/2013;5:6;5:49;43
TG-M22;8;10/31/2013;4:50;8:20;210
TG-M22;8;10/31/2013;5:15;5:46;31
DS-D33;14;10/31/2013;5:28;6:3;35
DS-D39,42,46;16;10/31/2013;6:0;6:20;20
DS-D39,42,46;16;10/31/2013;4:25;7:32;187
DS-D39,42,46;16;10/31/2013;4:24;4:27;3
DS-D47,50,51;16;10/31/2013;4:59;5:1;2
DS-D47,50,51;16;10/31/2013;5:22;7:36;134
DS-M03;9;10/31/2013;1:38;11:59;621
DS-M20;8;10/31/2013;11:6;11:30;24
DS-M21;8;10/31/2013;1:21;1:33;12
DS-M21;8;10/31/2013;1:45;2:11;26
DS-M45;6;10/31/2013;2:33;9:7;394
DS-M47;6;10/31/2013;6:54;8:33;99
DS-M49;6;10/31/2013;2:27;10:0;453
DS-M51;6;10/31/2013;2:25;9:4;399
DS-M61A;3;10/31/2013;2:36;10:8;452
DS-M66;3;10/31/2013;3:45;11:30;465
DS-M66;3;10/31/2013;3:37;6:47;190
DS-M66;3;10/31/2013;3:46;11:20;454
DS-M70;3;10/31/2013;4:50;5:16;26
DS-M70;3;10/31/2013;5:44;6:46;62
DS-M73;3;10/31/2013;4:58;5:43;45
DS-M73;3;10/31/2013;4:31;9:30;299
DS-M66;3;10/31/2013;3:40;6:41;181
DS-M70;3;10/31/2013;7:52;8:40;48
DS-M75;3;10/31/2013;4:52;10:38;346
DS-M75;3;10/31/2013;4:13;4:40;27
DS-M75;3;10/31/2013;4:59;6:2;63
DS-M75;3;10/31/2013;4:52;11:13;381
NBPS (DS-M90 & DS-M91);3;10/5/2013;7:10;9:6;116
DS-D07;13;10/5/2013;4:40;5:1;21
DS-D08;14;10/5/2013;4:24;5:23;59
DS-D21,25;14;10/5/2013;4:6;4:24;18
DS-M03;9;10/5/2013;7:21;9:27;126
DS-M08;9;10/5/2013;7:23;10:6;163
DS-M09;9;10/5/2013;7:27;10:8;161
DS-M15;8;10/5/2013;7:22;11:20;238
DS-M25;6;10/5/2013;6:51;7:44;53
DS-M70;3;10/5/2013;4:49;5:15;26
DS-M104;1;10/5/2013;7:15;8:6;51
DS-M105W;1;10/5/2013;4:30;4:35;5
DS-M109 N;1;10/5/2013;7:30;8:29;59
DS-M79;3;10/5/2013;4:43;6:6;83
DS-M79;3;10/5/2013;7:19;10:38;199
DS-M82;3;10/5/2013;7:22;8:29;67
DS-M83;3;10/5/2013;4:49;4:52;3
DS-M84;3;10/5/2013;4:39;5:0;21
DS-M86;3;10/5/2013;4:46;5:3;17
DS-M88;3;10/5/2013;7:22;8:51;89
DS-M88;3;10/5/2013;7:22;8:51;89
DS-N02;4;10/5/2013;4:20;4:22;2
DS-N02;4;10/5/2013;4:33;4:46;13
DS-N02;4;10/5/2013;7:16;11:21;245
DS-N03;4;10/5/2013;4:30;5:0;30
DS-N05;4;10/5/2013;7:21;11:19;238
DS-N07;4;10/5/2013;4:19;5:20;61
DS-N08;4;10/5/2013;4:26;6:10;104
DS-N10B;4;10/5/2013;4:23;5:29;66
DS-N12;4;10/5/2013;7:18;10:1;163
DS-N17;4;10/5/2013;4:24;4:57;33
DS-N18;4;10/5/2013;4:24;5:3;39
WCPS (DS-D34-AI);23;10/5/2013;4:15;5:30;75
DS-M03;9;10/5/2013;7:21;9:27;126
DS-D35;14;1/10/2013;9:31;10:20;49
RAPS (DS-M27, DS-M28, DS-M29);7;11/1/2013;0:0;4:25;265
DS-M03;9;11/1/2013;0:1;0:6;5
DS-D01;13;11/1/2013;0:6;0:27;21
DS-M03;9;11/1/2013;0:32;0:36;4
NBPS (DS-M90 & DS-M91);3;11/17/2013;2:12;5:21;189
DS-D02;13;11/17/2013;2:45;5:25;160
DS-D02;13;11/17/2013;2:45;5:25;160
DS-D06;13;11/17/2013;4:57;5:53;56
DS-M03;9;11/17/2013;2:9;7:49;340
WCPS (DS-D34-AI);23;11/17/2013;1:30;8:0;390
RAPS (DS-M27, DS-M28, DS-M29);7;11/17/2013;2:30;10:5;455
TG-I28 & I29;6;11/17/2013;0:28;0:34;6
DS-M66;3;11/17/2013;2:38;3:14;36
DS-M73;3;11/17/2013;2:13;2:21;8
DS-M11;9;11/17/2013;2:39;3:30;51
DS-M15;8;11/17/2013;3:0;4:59;-601
DS-M19;8;11/17/2013;2:18;3:28;70
DS-M20;8;11/17/2013;2:12;3:15;63
DS-M21;8;11/17/2013;2:51;3:29;38
NBPS (DS-M90 & DS-M91);3;11/6/2013;8:17;0:3;226
DS-D02;13;11/7/2013;2:45;5:25;160
TG-I28 & I29;6;11/9/2013;10:57;10:59;2
TG-I28 & I29;6;11/9/2013;11:18;0:16;-662
NBPS (DS-M90 & DS-M91);3;1/29/2013;7:11;11:59;288
DS-D08;14;1/29/2013;5:8;5:36;28
DS-D15;14;1/29/2013;11:41;11:59;18
DS-D31;14;1/29/2013;11:0;11:27;27
DS-D31;14;1/29/2013;11:29;11:59;30
DS-D37,38;16;1/29/2013;8:39;11:59;200
DS-D39,42,46;16;1/29/2013;11:45;11:59;14
DS-D41;15;1/29/2013;8:35;9:6;31
DS-D41;15;1/29/2013;10:5;11:59;114
DS-D47,50,51;16;1/29/2013;8:41;11:59;198
DS-D49;15;1/29/2013;10:35;11:59;84
DS-D52;14;1/29/2013;10:8;11:59;111
DS-M10;9;1/29/2013;7:50;9:45;115
DS-M11;9;1/29/2013;8:1;9:50;109
DS-M11;9;1/29/2013;10:52;11:59;67
DS-M13;8;1/29/2013;7:56;8:0;4
DS-M13;8;1/29/2013;8:14;9:2;48
DS-M13;8;1/29/2013;11:56;11:59;3
DS-M15;8;1/29/2013;7:11;10:47;216
DS-M15;8;1/29/2013;11:43;11:59;16
DS-M20;8;1/29/2013;7:17;8:14;57
DS-M25;6;1/29/2013;7:11;9:4;113
DS-M25;6;1/29/2013;11:8;11:59;51
DS-M30;7;1/29/2013;7:11;9:14;123
DS-M30;7;1/29/2013;11:12;11:59;47
DS-M73;3;1/29/2013;7:11;7:55;44
DS-M104;1;1/29/2013;7:9;8:18;69
DS-M106E;1;1/29/2013;7:55;11:59;244
DS-M79;3;1/29/2013;7:18;11:59;281
DS-M80;3;1/29/2013;8:22;8:49;27
DS-M80;3;1/29/2013;8:52;9:3;11
DS-M82;3;1/29/2013;7:11;11:59;288
DS-M84;3;1/29/2013;5:46;5:48;2
DS-M88;3;1/29/2013;7:11;11:59;288
DS-N02;4;1/29/2013;5:11;5:13;2
DS-N03;4;1/29/2013;7:19;7:35;16
DS-N10A;4;1/29/2013;7:13;7:46;33
DS-N10B;4;1/29/2013;7:12;11:59;287
DS-N12;4;1/29/2013;7:14;9:32;138
DS-N12;4;1/29/2013;10:57;11:59;62
DS-N13R;4;1/29/2013;7:18;9:14;116
DS-N13R;4;1/29/2013;9:38;10:14;36
DS-N13R;4;1/29/2013;10:32;11:59;87
DS-N17;4;1/29/2013;7:11;11:59;288
DS-N18;4;1/29/2013;7:11;11:59;288
DS-D06;13;1/29/2013;10:10;11:59;109
DS-D31;14;1/29/2013;9:8;11:59;171
DS-D44,45;15;1/29/2013;8:58;11:59;181
DS-M03;9;1/29/2013;7:18;11:59;281
DS-M08;9;1/29/2013;7:11;11:59;288
DS-M21;8;1/29/2013;11:0;11:59;59
RAPS (DS-M27, DS-M28, DS-M29);7;1/29/2013;7:20;11:59;279
DS-M105W;1;1/29/2013;7:22;11:59;277
DS-M109 N;1;1/29/2013;7:11;11:59;288
DS-M79;3;1/29/2013;7:20;11:59;279
DS-M80;3;1/29/2013;9:5;11:59;174
DS-M84;3;1/29/2013;7:24;11:59;275
DS-N05;4;1/29/2013;7:11;11:59;288
DS-N08;4;1/29/2013;7:11;11:59;288
WCPS (DS-D34-AI);23;1/29/2013;7:30;11:59;269
NBPS (DS-M90 & DS-M91);3;1/30/2013;0:0;7:59;479
DS-D15;14;1/30/2013;0:0;0:18;18
DS-D28;14;1/30/2013;0:25;0:36;11
DS-D28;14;1/30/2013;1:13;1:28;15
DS-D28;14;1/30/2013;2:10;2:52;42
DS-D28;14;1/30/2013;3:4;4:2;58
DS-D31;14;1/30/2013;0:0;0:25;25
DS-D31;14;1/30/2013;2:27;2:29;2
DS-D37,38;16;1/30/2013;0:0;5:56;356
DS-D37,38;16;1/30/2013;6:0;6:3;3
DS-D39,42,46;16;1/30/2013;0:0;0:33;33
DS-D41;15;1/30/2013;0:0;0:52;52
DS-D41;15;1/30/2013;2:26;4:8;102
DS-D47,50,51;16;1/30/2013;0:0;4:47;287
DS-D47,50,51;16;1/30/2013;5:15;5:18;3
DS-D47,50,51;16;1/30/2013;5:9;5:12;3
DS-D49;15;1/30/2013;0:0;0:50;50
DS-D49;15;1/30/2013;2:40;3:0;20
DS-D49;15;1/30/2013;3:31;3:56;25
DS-D52;14;1/30/2013;0:0;1:38;98
DS-D52;14;1/30/2013;2:37;3:5;28
DS-D52;14;1/30/2013;3:21;4:8;47
DS-M11;9;1/30/2013;0:0;1:26;86
DS-M11;9;1/30/2013;2:37;4:10;93
DS-M13;8;1/30/2013;0:0;0:33;33
DS-M15;8;1/30/2013;0:0;1:3;63
DS-M25;6;1/30/2013;0:0;0:49;49
DS-M30;7;1/30/2013;0:0;0:44;44
DS-M106E;1;1/30/2013;0:0;4:39;279
DS-M79;3;1/30/2013;0:0;5:23;323
DS-M79;3;1/30/2013;5:23;6:5;42
DS-M82;3;1/30/2013;0:0;6:23;383
DS-M88;3;1/30/2013;0:0;5:24;324
DS-M88;3;1/30/2013;5:26;7:3;97
DS-N10B;4;1/30/2013;0:0;7:29;449
DS-N12;4;1/30/2013;0:0;0:57;57
DS-N13R;4;1/30/2013;0:0;0:35;35
DS-N13R;4;1/30/2013;1:10;1:21;11
DS-N13R;4;1/30/2013;2:18;4:5;107
DS-N13R;4;1/30/2013;5:22;5:37;15
DS-N17;4;1/30/2013;0:0;0:44;44
DS-N17;4;1/30/2013;2:22;2:57;35
DS-N17;4;1/30/2013;3:10;3:57;47
DS-N18;4;1/30/2013;0:0;4:34;274
DS-N18;4;1/30/2013;5:12;6:5;53
002 Lemont WRP;11;1/30/2013;2:8;4:28;860
DS-D06;13;1/30/2013;0:0;3:1;901
DS-D06;13;1/30/2013;0:0;3:1;901
DS-D28;14;1/30/2013;10:37;11:12;35
DS-D28;14;1/30/2013;11:29;11:57;28
DS-D31;14;1/30/2013;0:0;8:54;534
DS-D31;14;1/30/2013;10:33;0:34;121
DS-D37,38;16;1/30/2013;10:46;0:47;121
DS-D44,45;15;1/30/2013;0:0;8:8;1208
DS-D47,50,51;16;1/30/2013;9:51;9:53;2
DS-D47,50,51;16;1/30/2013;11:22;11:40;18
DS-M03;9;1/30/2013;0:0;5:12;1032
DS-M08;9;1/30/2013;0:0;5:47;1067
DS-M15;8;1/30/2013;4:58;7:44;166
DS-M21;8;1/30/2013;0:0;9:56;596
RAPS (DS-M27, DS-M28, DS-M29);7;1/30/2013;0:0;0:10;730
DS-M105W;1;1/30/2013;0:0;11:59;1439
DS-M109 N;1;1/30/2013;0:0;7:35;455
DS-M109 N;1;1/30/2013;11:35;1:3;88
DS-M79;3;1/30/2013;0:0;11:0;660
DS-M79;3;1/30/2013;0:17;0:42;25
DS-M79;3;1/30/2013;0:49;2:29;100
DS-M80;3;1/30/2013;0:0;8:28;508
DS-M82;3;1/30/2013;10:46;0:33;107
DS-M84;3;1/30/2013;0:0;7:54;474
DS-M84;3;1/30/2013;8:16;4:17;481
DS-M88;3;1/30/2013;11:22;0:55;93
DS-N05;4;1/30/2013;0:0;11:59;1439
DS-N08;4;1/30/2013;0:0;10:40;1360
DS-N08;4;1/30/2013;10:48;11:8;20
DS-N08;4;1/30/2013;11:21;11:26;5
DS-N10B;4;1/30/2013;7:32;0:48;316
DS-N13R;4;1/30/2013;11:48;0:1;13
DS-N18;4;1/30/2013;11:47;0:13;26
WCPS (DS-D34-AI);23;1/30/2013;0:0;6:30;390
DS-M105W;1;1/31/2013;0:0;2:13;133
DS-N05;4;1/31/2013;0:0;2:33;153
NBPS (DS-M90 & DS-M91);3;3/10/2013;4:30;9:39;309
PULASKI RD PS (18E-PS);21;3/10/2013;5:29;11:59;390
CDS-18;19;3/10/2013;5:50;11:27;337
CDS-20-2;19;3/10/2013;5:53;11:47;354
CDS-21;18;3/10/2013;5:55;11:59;364
CDS-22;18;3/10/2013;5:35;10:40;305
CDS-20-1;19;3/10/2013;6:0;11:49;349
CDS-10;21;3/10/2013;6:5;8:5;120
125TH ST PS (CDS-13);19;3/10/2013;7:8;11:59;291
CDS-12;19;3/10/2013;7:0;8:7;67
002 Lemont WRP;11;3/10/2013;9:18;11:59;881
DS-D06;13;3/10/2013;4:52;11:59;427
DS-D09;14;3/10/2013;5:35;7:51;136
DS-D10;14;3/10/2013;5:29;6:34;65
DS-D11;14;3/10/2013;5:24;11:0;336
DS-D12I;14;3/10/2013;5:32;7:19;107
DS-D13;14;3/10/2013;5:1;10:12;311
DS-D15;14;3/10/2013;4:54;7:13;139
DS-D19,23;14;3/10/2013;5:6;6:41;95
DS-D27I;14;3/10/2013;3:22;11:59;517
DS-D28;14;3/10/2013;5:33;6:39;66
DS-D31;14;3/10/2013;3:53;11:59;486
DS-D32;14;3/10/2013;4:27;6:59;152
DS-D35;14;3/10/2013;4:27;6:45;138
DS-D36;14;3/10/2013;6:7;7:8;61
DS-D37,38;16;3/10/2013;3:23;11:59;516
DS-D39,42,46;16;3/10/2013;4:44;8:27;223
DS-D41;15;3/10/2013;4:9;10:29;380
DS-D44,45;15;3/10/2013;3:1;11:59;538
DS-D47,50,51;16;3/10/2013;4:8;11:59;471
DS-D48;15;3/10/2013;4:11;6:31;140
DS-D49;15;3/10/2013;4:20;7:37;197
DS-D52;14;3/10/2013;4:50;11:19;389
DS-M10;9;3/10/2013;7:16;8:52;96
DS-M13;8;3/10/2013;4:53;7:3;130
DS-M15;8;3/10/2013;2:30;2:33;3
DS-M15;8;3/10/2013;5:25;11:59;394
DS-M20;8;3/10/2013;6:47;9:38;171
DS-M25;6;3/10/2013;4:34;7:52;198
DS-M30;7;3/10/2013;4:19;7:3;164
DS-M66;3;3/10/2013;6:31;9:18;167
DS-M73;3;3/10/2013;5:38;8:4;146
TG-M22;8;3/10/2013;5:40;9:22;222
TGNASH;8;3/10/2013;5:36;5:48;12
DS-M104;1;3/10/2013;4:29;7:45;196
DS-M106E;1;3/10/2013;5:40;11:59;379
DS-M79;3;3/10/2013;4:12;11:59;467
DS-M80;3;3/10/2013;5:55;8:59;184
DS-M80;3;3/10/2013;9:6;10:11;65
DS-M82;3;3/10/2013;3:59;11:59;480
DS-M88;3;3/10/2013;4:32;11:59;447
NBPS (DS-M90 & DS-M91);3;3/10/2013;5:41;7:6;85
DS-N03;4;3/10/2013;5:1;6:49;108
DS-N10A;4;3/10/2013;4:27;8:15;228
DS-N12;4;3/10/2013;5:5;7:6;121
DS-N18;4;3/10/2013;4:4;11:59;475
DS-N19;4;3/10/2013;4:45;4:48;3
DS-N19;4;3/10/2013;4:58;6:18;80
DS-M03;9;3/10/2013;2:17;11:59;582
DS-M08;9;3/10/2013;2:23;11:59;576
DS-M09;9;3/10/2013;2:39;11:59;560
DS-M21;8;3/10/2013;9:10;11:59;169
DS-M79;3;3/10/2013;3:58;11:59;481
DS-M84;3;3/10/2013;5:32;11:59;387
DS-N08;4;3/10/2013;2:45;11:59;554
RAPS (DS-M27, DS-M28, DS-M29);7;3/10/2013;2:0;11:59;599
WCPS (DS-D34-AI);23;3/10/2013;6:0;11:59;1079
002 Lemont WRP;11;3/11/2013;0:1;1:15;794
125TH ST PS (CDS-13);19;3/11/2013;0:1;3:5;184
PULASKI RD PS (18E-PS);21;3/11/2013;0:1;9:20;1279
CDS-20;19;3/11/2013;1:15;1:25;10
CDS-21;18;3/11/2013;0:1;11:59;1438
DS-D06;13;3/11/2013;0:0;6:40;400
DS-D27I;14;3/11/2013;0:0;0:4;4
DS-D27I;14;3/11/2013;0:9;0:17;8
DS-D31;14;3/11/2013;0:0;2:21;141
DS-D37,38;16;3/11/2013;0:0;4:48;288
DS-D37,38;16;3/11/2013;4:51;4:57;6
DS-D37,38;16;3/11/2013;7:53;8:54;61
DS-D44,45;15;3/11/2013;0:0;6:40;400
DS-D47,50,51;16;3/11/2013;0:0;4:55;295
DS-M15;8;3/11/2013;0:0;4:2;242
DS-M104;1;3/11/2013;0:4;0:30;26
DS-M106E;1;3/11/2013;0:0;5:15;315
MWRD DS-M114N;1;3/11/2013;7:40;7:49;9
DS-M82;3;3/11/2013;0:0;4:58;298
DS-M88;3;3/11/2013;0:0;3:30;210
DS-N18;4;3/11/2013;0:0;3:18;198
PULASKI RD PS (18E-PS);21;3/11/2013;10:23;11:59;96
DS-M03;9;3/11/2013;0:0;2:49;889
DS-M03;9;3/11/2013;3:25;3:27;2
DS-M03;9;3/11/2013;3:45;3:47;2
DS-M03;9;3/11/2013;3:55;3:59;4
DS-M03;9;3/11/2013;4:6;4:9;3
DS-M08;9;3/11/2013;0:0;0:33;753
DS-M09;9;3/11/2013;0:0;11:59;1439
DS-M21;8;3/11/2013;0:0;0:41;761
MWRD DS-M114N;1;3/11/2013;8:4;2:13;369
MWRD DS-M114N;1;3/11/2013;2:38;11:59;561
DS-M79;3;3/11/2013;0:0;5:22;1042
DS-M82;3;3/11/2013;7:39;9:33;114
DS-M82;3;3/11/2013;9:38;9:55;17
DS-M84;3;3/11/2013;0:0;4:58;1018
DS-N08;4;3/11/2013;0:0;11:59;1439
DS-N18;4;3/11/2013;8:56;9:50;54
RAPS (DS-M27, DS-M28, DS-M29);7;3/11/2013;0:0;1:35;815
WCPS (DS-D34-AI);23;3/11/2013;0:0;9:30;570
PULASKI RD PS (18E-PS);21;3/12/2013;0:1;1:13;72
CDS-21;18;3/12/2013;0:1;11:20;679
DS-M09;9;3/12/2013;0:0;10:22;622
DS-M09;9;3/12/2013;10:45;11:2;17
DS-M09;9;3/12/2013;11:24;11:57;33
DS-M09;9;3/12/2013;1:44;1:47;3
MWRD DS-M114N;1;3/12/2013;0:0;6:49;409
DS-N08;4;3/12/2013;0:0;1:4;64
DS-N08;4;3/12/2013;1:6;2:25;79
DS-N08;4;3/12/2013;7:38;7:42;4
DS-N08;4;3/12/2013;7:52;7:55;3
DS-N08;4;3/12/2013;8:5;8:7;2
TG-I28 & I29;6;4/10/2013;7:45;7:47;2
TG-I28 & I29;6;4/10/2013;7:52;7:54;2
TG-I28 & I29;6;4/10/2013;8:35;8:41;6
TG-I28 & I29;6;4/10/2013;4:47;4:58;11
DS-N02;4;4/10/2013;11:50;11:53;3
NBPS (DS-M90 & DS-M91);3;4/11/2013;0:36;4:46;250
DS-D08;14;4/11/2013;0:21;0:41;20
DS-D31;14;4/11/2013;8:35;0:29;234
DS-D37,38;16;4/11/2013;8:57;9:29;32
DS-D44,45;15;4/11/2013;4:46;11:59;1153
DS-D47,50,51;16;4/11/2013;4:43;5:43;60
DS-D47,50,51;16;4/11/2013;8:27;10:12;105
DS-D47,50,51;16;4/11/2013;4:38;0:8;450
DS-M03;9;4/11/2013;0:55;0:28;693
DS-M03;9;4/11/2013;0:31;0:34;3
DS-M08;9;4/11/2013;0:21;2:28;847
DS-M08;9;4/11/2013;3:37;3:39;2
DS-M09;9;4/11/2013;0:26;5:29;1023
DS-M09;9;4/11/2013;5:40;6:11;31
DS-M10;9;4/11/2013;1:42;2:57;75
DS-M13;8;4/11/2013;0:18;1:18;60
DS-M15;8;4/11/2013;0:32;3:22;170
DS-M19;8;4/11/2013;0:57;4:22;205
DS-M20;8;4/11/2013;0:33;2:43;130
DS-M21;8;4/11/2013;3:25;3:48;23
DS-M21;8;4/11/2013;9:6;0:58;232
DS-M25;6;4/11/2013;0:32;1:23;51
DS-M25;6;4/11/2013;1:27;1:35;8
DS-M30;7;4/11/2013;0:31;2:47;136
DS-M45;6;4/11/2013;0:32;1:19;47
DS-M66;3;4/11/2013;0:34;2:52;138
DS-M73;3;4/11/2013;0:32;1:20;48
WCPS (DS-D34-AI);23;4/11/2013;0:30;2:30;120
RAPS (DS-M27, DS-M28, DS-M29);7;4/11/2013;0:20;2:15;835
DS-M104;1;4/11/2013;0:30;1:53;83
DS-M106E;1;4/11/2013;1:0;3:16;136
DS-M109 N;1;4/11/2013;0:33;3:48;195
DS-M79;3;4/11/2013;0:19;7:4;405
DS-M79;3;4/11/2013;9:15;11:32;137
DS-M80;3;4/11/2013;0:46;1:31;45
DS-M82;3;4/11/2013;0:31;4:0;209
DS-M82;3;4/11/2013;8:26;10:54;148
DS-M82;3;4/11/2013;10:57;11:0;3
DS-M82;3;4/11/2013;11:9;11:16;7
DS-M84;3;4/11/2013;0:50;4:40;230
DS-M84;3;4/11/2013;8:38;11:41;183
DS-M86;3;4/11/2013;0:31;0:45;14
DS-M86;3;4/11/2013;0:55;1:19;24
DS-M88;3;4/11/2013;0:31;3:52;201
DS-M97;2;4/11/2013;0:34;1:11;37
DS-N03;4;4/11/2013;0:34;1:13;39
DS-N05;4;4/11/2013;0:32;11:59;1407
DS-N10A;4;4/11/2013;0:32;1:22;50
DS-N10B;4;4/11/2013;2:41;3:15;34
DS-N10B;4;4/11/2013;3:18;3:21;3
DS-N10B;4;4/11/2013;3:26;3:31;5
DS-N10B;4;4/11/2013;9:8;10:0;52
DS-N12;4;4/11/2013;0:32;2:57;145
DS-N13R;4;4/11/2013;0:34;1:52;78
DS-N17;4;4/11/2013;0:32;2:5;93
DS-N18;4;4/11/2013;0:31;2:19;108
DS-N19;4;4/11/2013;0:40;0:59;19
DS-N08;4;4/11/2013;0:31;6:11;1060
DS-N08;4;4/11/2013;6:15;6:29;14
DS-N08;4;4/11/2013;6:40;6:56;16
DS-N08;4;4/11/2013;7:4;7:12;8
DS-N08;4;4/11/2013;10:28;11:59;91
DS-N08;4;4/12/2013;0:0;0:19;19
DS-N05;4;4/12/2013;0:0;2:40;160
NBPS (DS-M90 & DS-M91);3;4/17/2013;4:21;11:59;458
002 Lemont WRP;11;4/17/2013;9:52;11:59;127
PULASKI RD PS (18E-PS);21;4/17/2013;0:1;11:59;1438
DS-D06;13;4/17/2013;5:26;11:59;393
DS-D07;13;4/17/2013;5:22;11:59;397
DS-D08;14;4/17/2013;3:58;5:2;64
DS-D10;14;4/17/2013;6:26;6:41;15
DS-D10;14;4/17/2013;9:8;10:10;62
DS-D10;14;4/17/2013;11:29;11:59;30
DS-D13;14;4/17/2013;5:8;11:59;411
DS-D15;14;4/17/2013;4:38;4:58;20
DS-D15;14;4/17/2013;5:0;7:6;126
DS-D15;14;4/17/2013;7:28;8:14;46
DS-D15;14;4/17/2013;9:26;10:35;69
DS-D15;14;4/17/2013;11:32;11:59;27
DS-D18;14;4/17/2013;5:8;8:31;203
DS-D19,23;14;4/17/2013;5:7;7:4;117
DS-D31;14;4/17/2013;5:0;8:43;223
DS-D31;14;4/17/2013;9:13;11:59;166
DS-D35;14;4/17/2013;5:0;6:41;101
DS-D35;14;4/17/2013;9:51;10:15;24
DS-D35;14;4/17/2013;11:42;11:59;17
DS-D36;14;4/17/2013;5:46;6:59;73
DS-D36;14;4/17/2013;7:19;8:14;55
DS-D36;14;4/17/2013;9:26;11:59;153
DS-D37,38;16;4/17/2013;5:1;8:38;217
DS-D37,38;16;4/17/2013;9:26;10:25;59
DS-D39,42,46;16;4/17/2013;5:6;6:32;86
DS-D47,50,51;16;4/17/2013;3:12;3:16;4
DS-D47,50,51;16;4/17/2013;3:41;3:45;4
DS-D47,50,51;16;4/17/2013;5:10;11:59;409
DS-D48;15;4/17/2013;5:0;7:7;127
DS-D48;15;4/17/2013;7:39;8:38;59
DS-D48;15;4/17/2013;9:20;11:59;159
DS-D49;15;4/17/2013;5:1;8:49;228
DS-D52;14;4/17/2013;5:9;11:59;410
DS-M03;9;4/17/2013;4:12;11:59;467
DS-M08;9;4/17/2013;3:52;11:59;487
DS-M09;9;4/17/2013;5:4;5:23;19
DS-M10;9;4/17/2013;5:20;11:59;399
DS-M13;8;4/17/2013;4:8;8:58;290
DS-M13;8;4/17/2013;9:52;11:59;127
DS-M19;8;4/17/2013;5:32;7:9;97
DS-M20;8;4/17/2013;4:24;8:18;234
DS-M20;8;4/17/2013;10:1;11:59;118
DS-M21;8;4/17/2013;5:34;11:59;385
DS-M25;6;4/17/2013;4:8;5:28;80
DS-M25;6;4/17/2013;6:44;7:41;57
DS-M26;7;4/17/2013;5:34;6:52;78
DS-M30;7;4/17/2013;3:59;5:29;90
DS-M30;7;4/17/2013;6:45;8:41;116
DS-M38;6;4/17/2013;5:18;7:1;103
DS-M38;6;4/17/2013;10:59;11:28;29
DS-M38;6;4/17/2013;11:52;11:59;7
DS-M45;6;4/17/2013;5:1;6:20;79
DS-M47;6;4/17/2013;5:3;5:16;13
DS-M49;6;4/17/2013;4:59;5:19;20
DS-M51;6;4/17/2013;4:58;5:9;11
DS-M51;6;4/17/2013;5:19;6:28;69
DS-M66;3;4/17/2013;4:20;8:42;262
DS-M66;3;4/17/2013;9:51;11:59;128
DS-M70;3;4/17/2013;3:58;4:35;37
DS-M70;3;4/17/2013;4:51;5:40;49
DS-M73;3;4/17/2013;4:6;7:7;181
DS-M75;3;4/17/2013;4:48;5:48;60
TG-I12;8;4/17/2013;5:12;7:17;125
TG-I12;8;4/17/2013;10:42;11:59;77
TG-I28 & I29;6;4/17/2013;3:28;3:34;6
TG-I28 & I29;6;4/17/2013;3:40;3:46;6
TG-I28 & I29;6;4/17/2013;3:53;3:58;5
TG-I28 & I29;6;4/17/2013;4:32;4:37;5
TG-I28 & I29;6;4/17/2013;5:21;6:37;76
TG-I9;8;4/17/2013;5:13;6:43;90
TG-I9;8;4/17/2013;11:2;11:12;10
TG-I9;8;4/17/2013;11:21;11:59;38
RAPS (DS-M27, DS-M28, DS-M29);7;4/17/2013;4:50;11:59;429
WCPS (DS-D34-AI);23;4/17/2013;4:30;11:59;449
DS-M101;1;4/17/2013;4:43;9:6;263
DS-M101;1;4/17/2013;9:46;11:59;133
DS-M104;1;4/17/2013;3:59;7:49;230
DS-M104;1;4/17/2013;9:53;11:59;126
DS-M105W;1;4/17/2013;3:50;11:59;489
DS-M106E;1;4/17/2013;4:45;11:59;434
DS-M79;3;4/17/2013;4:8;11:59;471
DS-M82;3;4/17/2013;3:48;11:59;491
DS-M84;3;4/17/2013;4:10;11:59;469
DS-M86;3;4/17/2013;4:21;6:4;103
DS-M88;3;4/17/2013;4:6;11:59;473
DS-M97;2;4/17/2013;4:11;6:52;161
DS-N02;4;4/17/2013;2:55;11:59;544
DS-N03;4;4/17/2013;4:6;8:4;238
DS-N03;4;4/17/2013;11:3;11:16;13
DS-N03;4;4/17/2013;11:52;11:59;7
DS-N04;4;4/17/2013;4:28;6:2;94
DS-N06;4;4/17/2013;4:15;4:31;16
DS-N07;4;4/17/2013;4:35;6:6;91
DS-N09;4;4/17/2013;4:29;5:14;45
DS-N10A;4;4/17/2013;5:50;11:59;369
DS-N10B;4;4/17/2013;3:44;11:59;495
DS-N11;4;4/17/2013;3:42;5:10;88
DS-N13R;4;4/17/2013;3:43;11:59;496
DS-N16;4;4/17/2013;3:43;4:19;36
DS-N16;4;4/17/2013;4:42;5:21;39
DS-N17;4;4/17/2013;3:41;11:59;498
DS-N18;4;4/17/2013;3:42;11:59;497
DS-N19;4;4/17/2013;3:40;6:56;196
DS-D37,38;16;4/17/2013;5:2;11:59;417
DS-D39,42,46;16;4/17/2013;5:4;11:59;415
DS-D41;15;4/17/2013;5:1;11:59;418
DS-D44,45;15;4/17/2013;5:6;11:59;413
DS-D47,50,51;16;4/17/2013;5:10;11:59;409
DS-D49;15;4/17/2013;9:23;11:59;156
DS-M15;8;4/17/2013;4:28;11:59;451
DS-M109 N;1;4/17/2013;3:58;11:59;481
DS-N08;4;4/17/2013;3:47;11:59;492
NBPS (DS-M90 & DS-M91);3;4/18/2013;0:0;11:59;1439
PULASKI RD PS (18E-PS);21;4/18/2013;0:3;11:59;1436
125TH ST PS (CDS-13);19;4/18/2013;0:15;11:59;1424
CDS-8;21;4/18/2013;0:14;11:59;1425
CDS-10;21;4/18/2013;0:12;11:59;1427
CDS-18;19;4/18/2013;0:1;11:59;1438
CDS-21;18;4/18/2013;0:1;11:59;1438
CDS-22;18;4/18/2013;0:2;11:59;1437
CDS-14;19;4/18/2013;0:12;11:1;1369
CDS-15-1;19;4/18/2013;0:10;11:59;1429
CDS-39;20;4/18/2013;0:15;9:36;561
CDS-41;20;4/18/2013;0:20;11:20;660
CDS-2;21;4/18/2013;0:12;11:59;1427
CDS-42;20;4/18/2013;0:20;3:53;213
CDS-14;19;4/18/2013;0:12;11:1;1369
CDS-12;19;4/18/2013;0:29;9:11;1242
CDS-55;20;4/18/2013;0:4;11:59;1435
CDS-4;21;4/18/2013;0:12;11:59;1427
C-1;20;4/18/2013;1:25;1:33;8
95TH ST PS (CDS-34);17;4/18/2013;4:50;11:59;1149
CDS-23;18;4/18/2013;5:32;11:24;352
122ND ST PS (CDS-28);17;4/18/2013;2:15;3:0;45
Indirect (UDP-DS5) (K27);12;4/18/2013;2:45;5:20;875
UDP-DS1 (K2-1&K2-2);12;4/18/2013;11:3;8:10;547
UDP-DS3 (K11);12;4/18/2013;11:12;0:51;99
UDP-DS3 (K14);12;4/18/2013;11:9;6:56;467
UDP-DS6 (K22);12;4/18/2013;11:18;10:47;689
UDP-DS1A (K1A);12;4/18/2013;2:40;6:50;-470
UDP-DS8 (K26);12;4/18/2013;11:23;10:47;684
UDP-DS1 (K1);12;4/18/2013;11:1;6:50;-251
002 Lemont WRP;11;4/18/2013;0:1;11:59;1438
95TH ST PS (CDS-34);17;4/18/2013;0:1;0:15;14
Wilmette;30;4/18/2013;1:25;6:30;1025
Wilmette;30;4/18/2013;6:50;11:59;309
CRCW;31;4/18/2013;4:30;11:59;1169
Obrien;32;4/18/2013;6:15;11:59;1064
CDS-20;19;4/18/2013;0:1;11:59;1438
DS-D01;13;4/18/2013;3:22;2:56;694
DS-D06;13;4/18/2013;0:0;7:5;1145
DS-D07;13;4/18/2013;0:0;0:21;741
DS-D09;14;4/18/2013;2:30;11:59;1289
DS-D10;14;4/18/2013;0:0;11:36;696
DS-D12I;14;4/18/2013;4:26;5:5;759
DS-D13;14;4/18/2013;0:0;11:59;1439
DS-D14;14;4/18/2013;3:34;10:28;414
DS-D15;14;4/18/2013;0:0;10:32;1352
DS-D17;14;4/18/2013;2:38;0:33;595
DS-D19,23;14;4/18/2013;0:19;10:7;588
DS-D20I;14;4/18/2013;3:49;6:13;144
DS-D20I;14;4/18/2013;7:29;8:38;69
DS-D21,25;14;4/18/2013;3:57;5:59;122
DS-D21,25;14;4/18/2013;7:33;7:50;17
DS-D22,24,25;14;4/18/2013;3:55;10:52;417
DS-D26;14;4/18/2013;3:16;10:11;415
DS-D27I;14;4/18/2013;2:34;3:36;782
DS-D28;14;4/18/2013;0:4;7:22;438
DS-D28;14;4/18/2013;7:28;10:28;180
DS-D31;14;4/18/2013;0:0;4:21;981
DS-D32;14;4/18/2013;2:38;1:26;648
DS-D33;14;4/18/2013;2:57;1:10;613
DS-D35;14;4/18/2013;0:0;11:59;1439
DS-D36;14;4/18/2013;0:0;3:39;939
DS-D37,38;16;4/18/2013;0:3;8:21;498
DS-D39,42,46;16;4/18/2013;0:47;7:15;388
DS-D39,42,46;16;4/18/2013;7:26;9:47;141
DS-D44,45;15;4/18/2013;5:13;7:20;127
DS-D47,50,51;16;4/18/2013;0:0;0:26;746
DS-D48;15;4/18/2013;0:0;6:42;1122
DS-D52;14;4/18/2013;0:0;11:59;1439
DS-D62;16;4/18/2013;4:24;10:58;394
DS-M03;9;4/18/2013;0:0;11:59;1439
DS-M08;9;4/18/2013;0:0;10:55;1375
DS-M08;9;4/18/2013;11:1;11:40;39
DS-M08;9;4/18/2013;11:54;11:59;5
DS-M10;9;4/18/2013;0:0;5:38;1058
DS-M10;9;4/18/2013;5:59;9:54;235
DS-M13;8;4/18/2013;0:0;1:11;791
DS-M13;8;4/18/2013;1:34;1:42;8
DS-M13;8;4/18/2013;2:11;2:14;3
DS-M13;8;4/18/2013;2:20;2:23;3
DS-M13;8;4/18/2013;2:34;2:39;5
DS-M19;8;4/18/2013;0:53;11:33;640
DS-M19;8;4/18/2013;0:4;0:39;35
DS-M20;8;4/18/2013;0:0;4:57;1017
DS-M20;8;4/18/2013;5:10;5:15;5
DS-M20;8;4/18/2013;5:37;5:48;11
DS-M20;8;4/18/2013;6:9;6:12;3
DS-M21;8;4/18/2013;0:0;11:30;690
DS-M21;8;4/18/2013;0:0;4:56;296
DS-M25;6;4/18/2013;0:27;4:51;984
DS-M25;6;4/18/2013;5:1;5:14;13
DS-M25;6;4/18/2013;5:21;6:14;53
DS-M25;6;4/18/2013;6:30;7:10;40
DS-M25;6;4/18/2013;7:15;7:33;18
DS-M25;6;4/18/2013;7:55;9:30;95
DS-M25;6;4/18/2013;9:55;10:3;8
DS-M26;7;4/18/2013;1:31;9:32;481
DS-M38;6;4/18/2013;0:0;0:40;760
DS-M38;6;4/18/2013;0:52;1:22;30
DS-M38;6;4/18/2013;1:29;3:12;103
DS-M38;6;4/18/2013;3:22;3:33;11
DS-M40;6;4/18/2013;1:17;2:11;54
DS-M40;6;4/18/2013;2:23;3:8;45
DS-M45;6;4/18/2013;0:47;3:10;143
DS-M45;6;4/18/2013;4:48;7:12;144
DS-M45;6;4/18/2013;8:0;9:15;75
DS-M45;6;4/18/2013;9:21;9:51;30
DS-M45;6;4/18/2013;10:7;10:36;29
DS-M47;6;4/18/2013;0:50;3:15;865
DS-M49;6;4/18/2013;0:45;11:12;627
DS-M49;6;4/18/2013;11:29;3:27;238
DS-M49;6;4/18/2013;3:44;4:8;24
DS-M51;6;4/18/2013;0:22;4:17;235
DS-M51;6;4/18/2013;4:21;11:10;409
DS-M51;6;4/18/2013;11:28;0:30;62
DS-M51;6;4/18/2013;0:40;3:22;162
DS-M54;5;4/18/2013;1:41;3:20;99
DS-M54;5;4/18/2013;3:25;3:31;6
DS-M54;5;4/18/2013;4:1;4:4;3
DS-M54;5;4/18/2013;4:22;11:7;405
DS-M54;5;4/18/2013;11:37;1:0;83
DS-M54;5;4/18/2013;1:9;1:34;25
DS-M66;3;4/18/2013;0:0;4:48;1008
DS-M66;3;4/18/2013;5:6;9:38;272
DS-M66;3;4/18/2013;9:45;10:20;35
DS-M70;3;4/18/2013;0:32;4:24;232
DS-M70;3;4/18/2013;4:34;7:25;171
DS-M70;3;4/18/2013;7:38;11:18;220
DS-M70;3;4/18/2013;11:40;0:26;46
DS-M73;3;4/18/2013;0:13;9:36;1283
DS-M73;3;4/18/2013;9:39;9:42;3
DS-M75;3;4/18/2013;0:16;11:29;673
DS-M75;3;4/18/2013;11:54;3:47;233
DS-M75;3;4/18/2013;3:56;4:38;42
DS-M75;3;4/18/2013;4:42;4:51;9
DS-M75;3;4/18/2013;5:59;6:5;6
DS-M75;3;4/18/2013;6:45;7:9;24
DS-M75;3;4/18/2013;7:56;8:24;28
DS-M75;3;4/18/2013;8:30;8:49;19
DS-M75;3;4/18/2013;9:15;9:35;20
TG-I12;8;4/18/2013;0:0;0:20;740
TG-I12;8;4/18/2013;0:54;1:6;12
TG-I28 & I29;6;4/18/2013;0:1;11:14;673
TG-I28 & I29;6;4/18/2013;11:21;0:38;77
TG-I28 & I29;6;4/18/2013;0:41;3:8;147
TG-I28 & I29;6;4/18/2013;3:11;3:15;4
TG-I32;6;4/18/2013;0:44;11:12;628
TG-I32;6;4/18/2013;11:21;0:37;76
TG-I32;6;4/18/2013;0:42;0:47;5
TG-I32;6;4/18/2013;0:52;1:13;21
TG-I32;6;4/18/2013;1:17;3:6;109
TG-I9;8;4/18/2013;0:0;0:15;735
TG-I9;8;4/18/2013;0:57;1:0;3
TG-M16;8;4/18/2013;0:48;9:21;1233
TG-M16;8;4/18/2013;9:30;9:43;13
TG-M22;8;4/18/2013;0:54;11:31;637
TG-M22;8;4/18/2013;11:34;10:29;655
TGNASH;8;4/18/2013;0:39;0:47;8
TGNASH;8;4/18/2013;1:2;1:23;21
TGNASH;8;4/18/2013;10:35;10:40;5
RAPS (DS-M27, DS-M28, DS-M29);7;4/18/2013;0:0;11:59;1439
WCPS (DS-D34-AI);23;4/18/2013;0:0;11:59;1439
TG-M94;2;4/18/2013;3:46;5:7;81
TG-M94;2;4/18/2013;7:41;8:31;50
DS-N19;4;4/18/2013;0:7;9:11;1264
DS-N18;4;4/18/2013;0:0;10:40;1360
DS-N17;4;4/18/2013;0:0;4:38;998
DS-N16;4;4/18/2013;0:33;1:23;50
DS-N16;4;4/18/2013;1:26;1:56;30
DS-N16;4;4/18/2013;2:7;10:30;503
DS-N13R;4;4/18/2013;0:0;7:54;1194
DS-N12;4;4/18/2013;3:52;4:43;51
DS-N11;4;4/18/2013;0:55;11:20;625
DS-N10B;4;4/18/2013;0:0;11:59;1439
DS-N10A;4;4/18/2013;0:0;11:59;1439
DS-N09;4;4/18/2013;1:5;1:47;42
DS-N09;4;4/18/2013;2:34;10:30;476
DS-N07;4;4/18/2013;0:56;3:56;900
DS-N06;4;4/18/2013;0:30;2:13;823
DS-N04;4;4/18/2013;0:28;10:9;581
DS-N03;4;4/18/2013;0:0;7:13;433
DS-N03;4;4/18/2013;7:37;8:51;74
DS-N02;4;4/18/2013;0:0;6:47;1127
DS-M97;2;4/18/2013;1:7;11:51;644
NBPS (DS-M90 & DS-M91);3;4/18/2013;0:45;5:21;996
NBPS (DS-M90 & DS-M91);3;4/18/2013;5:38;5:50;12
DS-M88;3;4/18/2013;0:0;6:23;1103
DS-M88;3;4/18/2013;6:55;8:30;95
DS-M88;3;4/18/2013;9:25;9:46;21
DS-M86;3;4/18/2013;0:54;1:32;38
DS-M86;3;4/18/2013;3:8;10:56;468
DS-M84;3;4/18/2013;0:0;11:36;1416
DS-M82;3;4/18/2013;0:0;11:48;1428
DS-M79;3;4/18/2013;0:0;5:2;1022
DS-M79;3;4/18/2013;5:7;9:44;277
DS-M79;3;4/18/2013;9:54;10:28;34
DS-M79;3;4/18/2013;10:59;11:7;8
DS-M106E;1;4/18/2013;0:0;11:59;1439
DS-M105W;1;4/18/2013;0:0;11:59;1439
DS-M104E;1;4/18/2013;3:38;6:23;165
DS-M104E;1;4/18/2013;6:31;7:13;42
DS-M104E;1;4/18/2013;7:25;7:32;7
DS-M104E;1;4/18/2013;7:38;10:35;177
DS-M104E;1;4/18/2013;1:14;1:21;7
DS-M104E;1;4/18/2013;1:39;4:55;196
DS-M104E;1;4/18/2013;5:3;5:5;2
DS-M104E;1;4/18/2013;5:10;5:15;5
DS-M104E;1;4/18/2013;5:22;5:29;7
DS-M104E;1;4/18/2013;7:3;7:20;17
DS-M104E;1;4/18/2013;7:32;7:36;4
DS-M104E;1;4/18/2013;7:59;8:3;4
DS-M104E;1;4/18/2013;8:51;9:0;9
DS-M104E;1;4/18/2013;9:23;9:29;6
DS-M104;1;4/18/2013;0:0;7:8;1148
DS-M101;1;4/18/2013;0:0;3:57;957
DS-M101;1;4/18/2013;8:38;8:46;8
DS-M101;1;4/18/2013;10:20;10:27;7
DS-D37,38;16;4/18/2013;0:0;11:59;1439
DS-D39,42,46;16;4/18/2013;0:0;11:59;1439
DS-D41;15;4/18/2013;0:0;11:59;1439
DS-D44,45;15;4/18/2013;0:0;11:59;1439
DS-D47,50,51;16;4/18/2013;0:0;11:59;1439
DS-D49;15;4/18/2013;0:0;11:59;1439
DS-M11;9;4/18/2013;0:56;11:43;1367
DS-M15;8;4/18/2013;0:0;11:59;1439
DS-M109 N;1;4/18/2013;0:0;11:59;1439
DS-N08;4;4/18/2013;0:0;11:59;1439
002 Lemont WRP;11;4/19/2013;0:1;10:0;599
125TH ST PS (CDS-13);19;4/19/2013;0:1;11:59;1438
PULASKI RD PS (18E-PS);21;4/19/2013;0:1;11:59;1438
CDS-8;21;4/19/2013;0:1;9:28;567
CDS-10;21;4/19/2013;0:1;5:12;311
CDS-11;21;4/19/2013;0:1;4:28;267
CDS-21;18;4/19/2013;0:1;11:59;1438
CDS-18;19;4/19/2013;0:1;9:11;550
CDS-22;18;4/19/2013;0:1;9:28;567
CDS-23;18;4/19/2013;0:1;11:44;703
CDS-2;21;4/19/2013;0:1;11:59;1438
CDS-4;21;4/19/2013;0:1;11:59;1438
CDS-15-1;19;4/19/2013;0:1;9:5;544
CDS-55;20;4/19/2013;0:1;11:59;1438
95TH ST PS (CDS-34);17;4/19/2013;0:1;0:25;24
NBPS (DS-M90 & DS-M91);3;4/19/2013;0:0;1:30;810
Wilmette;30;4/19/2013;0:0;6:45;405
CRCW;31;4/19/2013;0:0;2:6;126
Obrien;32;4/19/2013;0:0;5:15;315
CDS-20;19;4/19/2013;0:1;11:39;1418
CDS-20;19;4/19/2013;0:1;11:39;1418
CDS-20;19;4/19/2013;0:1;11:59;1438
DS-D09;14;4/19/2013;0:0;5:29;329
DS-D13;14;4/19/2013;0:0;7:32;452
DS-D35;14;4/19/2013;0:0;0:32;32
DS-D52;14;4/19/2013;0:0;0:37;37
DS-M03;9;4/19/2013;0:0;9:4;544
DS-M08;9;4/19/2013;0:0;0:2;2
RAPS (DS-M27, DS-M28, DS-M29);7;4/19/2013;0:0;11:20;1400
WCPS (DS-D34-AI);23;4/19/2013;0:0;11:59;1439
DS-M101;1;4/19/2013;0:4;0:20;16
DS-M101;1;4/19/2013;3:10;3:16;6
DS-M104E;1;4/19/2013;1:26;1:31;5
DS-M104E;1;4/19/2013;3:28;3:33;5
DS-M104E;1;4/19/2013;3:36;3:44;8
DS-M104E;1;4/19/2013;6:42;6:48;6
DS-M105W;1;4/19/2013;0:0;7:0;420
DS-M106E;1;4/19/2013;0:0;6:58;418
DS-N10A;4;4/19/2013;0:0;2:34;154
DS-N10B;4;4/19/2013;0:0;2:5;125
DS-D37,38;16;4/19/2013;0:0;11:59;1439
DS-D39,42,46;16;4/19/2013;0:0;9:15;1275
DS-D41;15;4/19/2013;0:0;11:59;1439
DS-D44,45;15;4/19/2013;0:0;11:59;1439
DS-D47,50,51;16;4/19/2013;0:0;11:59;1439
DS-D49;15;4/19/2013;0:0;11:59;1439
DS-M15;8;4/19/2013;0:0;11:59;1439
DS-M106E;1;4/19/2013;7:19;11:59;1000
DS-M109 N;1;4/19/2013;0:0;11:59;1439
DS-N08;4;4/19/2013;0:0;11:35;1415
CDS-20;19;4/20/2013;0:1;8:45;524
CDS-2;21;4/20/2013;0:1;9:30;1289
CDS-55;20;4/20/2013;0:1;11:59;1438
CDS-4;21;4/20/2013;0:1;9:30;1289
CDS-21;18;4/20/2013;0:1;11:59;1438
PULASKI RD PS (18E-PS);21;4/20/2013;0:1;9:30;1289
125TH ST PS (CDS-13);19;4/20/2013;0:1;6:39;398
WCPS (DS-D34-AI);23;4/20/2013;0:0;5:0;1020
DS-D37,38;16;4/20/2013;0:0;7:10;430
DS-D37,38;16;4/20/2013;7:15;8:0;45
DS-D37,38;16;4/20/2013;8:10;9:57;107
DS-D37,38;16;4/20/2013;10:12;10:16;4
DS-D37,38;16;4/20/2013;10:32;10:35;3
DS-D37,38;16;4/20/2013;10:47;10:50;3
DS-D41;15;4/20/2013;0:0;6:29;1109
DS-D44,45;15;4/20/2013;0:0;9:40;1300
DS-D47,50,51;16;4/20/2013;0:0;11:59;1439
DS-D49;15;4/20/2013;0:0;11:59;1439
DS-M15;8;4/20/2013;0:0;11:59;1439
DS-M106E;1;4/20/2013;0:0;11:59;1439
DS-M109 N;1;4/20/2013;9:4;7:48;644
DS-M109 N;1;4/20/2013;0:0;7:59;479
CDS-21;18;4/21/2013;0:1;9:25;564
CDS-55;20;4/21/2013;0:1;9:25;564
DS-D47,50,51;16;4/21/2013;0:0;11:37;1417
DS-D49;15;4/21/2013;0:0;11:59;1439
DS-M15;8;4/21/2013;0:0;11:54;1434
DS-M106E;1;4/21/2013;0:0;0:54;54
DS-N12;4;4/21/2013;11:45;11:59;14
DS-D08;14;4/22/2013;0:0;0:9;9
DS-D08;14;4/22/2013;10:55;11:59;64
DS-D49;15;4/22/2013;0:0;0:14;734
DS-N12;4;4/22/2013;0:0;11:59;1439
DS-D08;14;4/22/2013;0:7;0:9;2
DS-D08;14;4/22/2013;10:55;11:59;64
DS-D08;14;4/23/2013;0:0;5:31;331
DS-N12;4;4/23/2013;0:0;1:45;105
DS-D08;14;4/23/2013;0:0;5:31;331
DS-M03;9;4/23/2013;6:6;11:59;353
DS-M03;9;4/23/2013;6:6;11:59;353
DS-M08;9;4/23/2013;5:4;11:59;415
DS-M15;8;4/23/2013;2:23;11:59;576
DS-M21;8;4/23/2013;6:34;11:59;325
DS-M25;6;4/23/2013;6:38;7:8;30
DS-M104;1;4/23/2013;11:51;11:55;4
DS-M106E;1;4/23/2013;1:35;11:59;624
DS-M109 N;1;4/23/2013;5:49;11:59;370
DS-M79;3;4/23/2013;3:23;3:46;23
DS-M79;3;4/23/2013;5:39;10:13;274
DS-M79;3;4/23/2013;11:37;11:59;22
DS-M82;3;4/23/2013;2:11;3:32;81
DS-M82;3;4/23/2013;4:40;9:33;293
DS-M82;3;4/23/2013;11:10;11:59;49
DS-M84;3;4/23/2013;3:34;3:58;24
DS-M84;3;4/23/2013;5:15;11:59;404
DS-M88;3;4/23/2013;2:54;4:20;86
DS-M88;3;4/23/2013;5:23;10:4;281
DS-M88;3;4/23/2013;11:43;11:59;16
DS-N02;4;4/23/2013;1:43;11:59;616
DS-N08;4;4/23/2013;1:40;11:59;619
DS-N10B;4;4/23/2013;1:58;3:8;70
DS-N10B;4;4/23/2013;5:47;7:57;130
DS-N13R;4;4/23/2013;2:42;2:54;12
DS-N13R;4;4/23/2013;5:6;5:10;4
DS-N13R;4;4/23/2013;5:50;7:35;105
RAPS (DS-M27, DS-M28, DS-M29);7;4/23/2013;0:5;11:59;714
DS-M03;9;4/24/2013;0:0;2:24;144
DS-M08;9;4/24/2013;0:0;1:26;86
DS-M15;8;4/24/2013;0:0;11:59;1439
DS-M21;8;4/24/2013;0:0;1:40;100
DS-M21;8;4/24/2013;1:45;2:10;25
DS-M21;8;4/24/2013;2:16;2:19;3
DS-M21;8;4/24/2013;2:23;2:28;5
DS-M21;8;4/24/2013;5:22;5:24;2
DS-N08;4;4/24/2013;0:0;11:59;1439
DS-N02;4;4/24/2013;0:0;11:59;1439
DS-M88;3;4/24/2013;0:0;1:35;95
DS-M84;3;4/24/2013;0:0;1:49;109
DS-M82;3;4/24/2013;0:0;1:13;73
DS-M79;3;4/24/2013;0:0;1:58;118
DS-M79;3;4/24/2013;0:0;3:15;195
DS-M109 N;1;4/24/2013;0:0;2:30;150
DS-M106E;1;4/24/2013;0:0;4:12;252
RAPS (DS-M27, DS-M28, DS-M29);7;4/24/2013;0:0;7:45;465
DS-M15;8;4/25/2013;0:0;11:2;662
DS-N02;4;4/25/2013;0:0;9:43;583
DS-N08;4;4/25/2013;0:0;9:47;587
DS-M104;1;4/8/2013;11:26;0:4;38
DS-M109S;1;4/8/2013;11:9;1:11;122
DS-M88;3;4/8/2013;7:1;9:4;123
DS-N02;4;4/8/2013;6:59;7:1;2
002 Lemont WRP;11;5/10/2013;0:1;0:9;8
DS-D08;14;5/20/2013;11:8;11:53;45
DS-D18;14;5/20/2013;10:59;11:59;60
DS-M40;6;5/20/2013;11:48;11:59;11
DS-M66;3;5/20/2013;11:57;11:59;2
TG-I28 & I29;6;5/20/2013;10:58;11:7;9
TG-I28 & I29;6;5/20/2013;11:25;11:59;34
DS-M79;3;5/20/2013;11:40;11:43;3
DS-M84;3;5/20/2013;11:44;11:59;15
DS-N10B;4;5/20/2013;11:0;11:11;11
DS-N13R;4;5/20/2013;11:10;11:12;2
DS-N18;4;5/20/2013;11:16;11:24;8
NBPS (DS-M90 & DS-M91);3;5/21/2013;1:34;4:38;184
DS-D15;14;5/21/2013;0:44;1:7;23
DS-D18;14;5/21/2013;0:0;0:43;43
DS-D18;14;5/21/2013;0:59;2:29;90
DS-D28;14;5/21/2013;0:45;3:2;137
DS-D31;14;5/21/2013;1:13;3:36;143
DS-D35;14;5/21/2013;0:46;1:2;16
DS-D37,38;16;5/21/2013;0:47;3:9;142
DS-D41;15;5/21/2013;0:44;2:28;104
DS-D47,50,51;16;5/21/2013;0:52;3:36;164
DS-D48;15;5/21/2013;0:47;1:4;17
DS-D48;15;5/21/2013;1:13;2:2;49
DS-D49;15;5/21/2013;2:46;3:4;18
DS-M03;9;5/21/2013;0:18;3:40;202
DS-M08;9;5/21/2013;0:18;3:40;202
DS-M09;9;5/21/2013;0:19;3:40;201
DS-M10;9;5/21/2013;2:0;2:51;51
DS-M13;8;5/21/2013;0:25;2:40;135
DS-M15;8;5/21/2013;0:18;3:41;203
DS-M19;8;5/21/2013;0:9;2:47;158
DS-M20;8;5/21/2013;0:20;2:14;114
DS-M25;6;5/21/2013;0:18;3:14;176
DS-M26;7;5/21/2013;0:31;0:34;3
DS-M30;7;5/21/2013;0:19;3:7;168
DS-M40;6;5/21/2013;0:0;0:37;37
DS-M45;6;5/21/2013;0:12;0:30;18
DS-M66;3;5/21/2013;0:0;2:16;136
DS-M73;3;5/21/2013;0:12;1:7;55
TG-I28 & I29;6;5/21/2013;0:0;1:6;66
DS-M104;1;5/21/2013;0:0;1:30;90
DS-M109 N;1;5/21/2013;0:18;2:28;130
MWRD DS-M114N;1;5/21/2013;0:23;0:46;23
MWRD DS-M114N;1;5/21/2013;0:50;1:9;19
DS-M79;3;5/21/2013;0:13;3:41;208
DS-M84;3;5/21/2013;0:0;3:39;219
DS-M88;3;5/21/2013;0:11;3:41;210
DS-N02;4;5/21/2013;0:12;3:40;208
DS-N08;4;5/21/2013;0:18;3:40;202
DS-N10A;4;5/21/2013;0:19;1:8;49
DS-N12;4;5/21/2013;0:13;3:20;187
DS-N13R;4;5/21/2013;0:30;1:18;48
DS-N17;4;5/21/2013;0:26;1:2;36
DS-N18;4;5/21/2013;0:19;1:9;50
DS-N19;4;5/21/2013;0:26;0:49;23
WCPS (DS-D34-AI);23;5/21/2013;1:0;1:2;2
DS-M25;6;5/21/2013;10:25;10:33;8
DS-M101;1;5/21/2013;11:21;11:39;18
DS-N17;4;5/21/2013;5:42;6:32;50
DS-N19;4;5/21/2013;5:42;7:43;121
RAPS (DS-M27, DS-M28, DS-M29);7;5/21/2013;0:30;5:30;300
CDS-21;18;5/21/2013;1:20;5:17;237
CDS-11;21;5/21/2013;0:59;3:5;126
CDS-11;21;5/21/2013;10:21;10:24;3
NBPS (DS-M90 & DS-M91);3;5/22/2013;1:37;5:51;254
NBPS (DS-M90 & DS-M91);3;5/22/2013;7:31;10:51;200
NBPS (DS-M90 & DS-M91);3;5/22/2013;1:29;5:7;218
CDS-12;19;5/22/2013;3:52;5:4;72
CDS-2;21;5/22/2013;2:28;11:59;571
CDS-4;21;5/22/2013;2:2;11:59;597
CDS-6;21;5/22/2013;2:28;11:59;571
CDS-41;20;5/22/2013;2:14;3:19;65
PULASKI RD PS (18E-PS);21;5/22/2013;2:28;11:59;571
CDS-21;18;5/22/2013;3:57;11:59;482
WCPS (DS-D34-AI);23;5/22/2013;1:45;3:15;90
DS-D05;13;5/22/2013;1:52;2:0;8
DS-D08;14;5/22/2013;0:51;2:21;90
DS-D08;14;5/22/2013;0:41;1:57;76
DS-D09;14;5/22/2013;1:0;1:2;2
DS-D10;14;5/22/2013;0:54;1:10;16
DS-M03;9;5/22/2013;5:57;11:12;315
DS-M03;9;5/22/2013;0:31;11:59;688
DS-M08;9;5/22/2013;4:58;9:42;284
DS-M08;9;5/22/2013;0:27;1:41;74
DS-M09;9;5/22/2013;1:43;10:49;1266
DS-M09;9;5/22/2013;11:17;11:26;9
DS-M09;9;5/22/2013;11:46;11:48;2
DS-M11;9;5/22/2013;7:32;8:26;54
DS-M11;9;5/22/2013;8:31;8:38;7
DS-M11;9;5/22/2013;8:41;8:44;3
DS-M11;9;5/22/2013;8:47;8:49;2
DS-M11;9;5/22/2013;0:40;0:49;9
DS-M11;9;5/22/2013;0:51;1:18;27
DS-M11;9;5/22/2013;1:22;1:24;2
DS-M11;9;5/22/2013;4:38;4:44;6
DS-M13;8;5/22/2013;6:38;7:32;54
DS-M15;8;5/22/2013;2:24;6:35;971
DS-M19;8;5/22/2013;8:15;9:23;68
DS-M20;8;5/22/2013;7:5;9:8;123
DS-M21;8;5/22/2013;3:53;8:1;248
DS-M25;6;5/22/2013;6:52;9:23;151
DS-M30;7;5/22/2013;7:50;8:39;49
DS-M38;6;5/22/2013;8:54;9:4;10
DS-M61A;3;5/22/2013;8:19;9:7;48
DS-M61A;3;5/22/2013;9:10;9:13;3
DS-M66;3;5/22/2013;7:17;10:50;213
DS-M70;3;5/22/2013;7:13;7:30;17
DS-M73;3;5/22/2013;7:2;8:35;93
DS-M73;3;5/22/2013;0:59;1:49;50
DS-M75;3;5/22/2013;8:2;9:14;72
TG-I12;8;5/22/2013;8:16;8:23;7
TG-I9;8;5/22/2013;8:15;8:23;8
TG-I9;8;5/22/2013;8:30;8:41;11
TG-M22;8;5/22/2013;7:39;9:36;117
TG-M22;8;5/22/2013;0:32;2:39;127
DS-M101;1;5/22/2013;0:59;2:32;93
DS-M101;1;5/22/2013;6:34;7:38;64
DS-M104;1;5/22/2013;0:57;3:16;139
DS-M104;1;5/22/2013;0:28;2:32;124
DS-M104E;1;5/22/2013;0:36;0:53;17
DS-M106E;1;5/22/2013;0:20;3:51;211
DS-M109 N;1;5/22/2013;1:0;6:32;332
DS-M109 N;1;5/22/2013;6:45;10:41;236
DS-M109 N;1;5/22/2013;0:15;11:4;649
MWRD DS-M114N;1;5/22/2013;1:5;4:10;185
MWRD DS-M114N;1;5/22/2013;0:24;6:31;367
MWRD DS-M114N;1;5/22/2013;6:34;6:37;3
DS-M79;3;5/22/2013;1:31;4:38;187
DS-M79;3;5/22/2013;6:30;10:35;245
DS-M79;3;5/22/2013;1:9;3:25;136
DS-M79;3;5/22/2013;1:32;6:40;1028
DS-M84;3;5/22/2013;1:34;2:51;77
DS-M84;3;5/22/2013;7:37;8:56;79
DS-M84;3;5/22/2013;0:53;2:37;104
DS-M86;3;5/22/2013;1:28;2:21;53
DS-M88;3;5/22/2013;1:22;5:2;220
DS-M88;3;5/22/2013;6:38;10:19;221
DS-M88;3;5/22/2013;0:31;4:1;210
NBPS (DS-M90 & DS-M91);3;5/22/2013;0:17;2:3;106
DS-N03;4;5/22/2013;1:29;2:25;56
DS-N06;4;5/22/2013;1:20;1:58;38
DS-N08;4;5/22/2013;0:53;11:59;1386
DS-N09;4;5/22/2013;1:8;1:35;27
DS-N09;4;5/22/2013;0:15;0:42;27
DS-N09;4;5/22/2013;1:3;1:18;15
DS-N10A;4;5/22/2013;0:57;1:26;29
DS-N10A;4;5/22/2013;0:26;0:36;10
DS-N10B;4;5/22/2013;0:41;2:4;83
DS-N10B;4;5/22/2013;0:12;1:49;97
DS-N11;4;5/22/2013;0:51;1:41;50
DS-N11;4;5/22/2013;0:11;1:25;74
DS-N12;4;5/22/2013;0:50;4:39;229
DS-N12;4;5/22/2013;0:18;3:35;197
DS-N13R;4;5/22/2013;0:46;3:17;151
DS-N13R;4;5/22/2013;0:17;3:58;221
DS-N16;4;5/22/2013;0:50;1:30;40
DS-N16;4;5/22/2013;1:41;2:4;23
DS-N16;4;5/22/2013;0:13;0:31;18
DS-N16;4;5/22/2013;0:41;1:33;52
DS-N17;4;5/22/2013;1:0;1:17;17
DS-N17;4;5/22/2013;0:51;1:31;40
DS-N18;4;5/22/2013;0:53;3:14;141
DS-N18;4;5/22/2013;0:44;3:44;180
DS-N19;4;5/22/2013;0:50;2:36;106
DS-N19;4;5/22/2013;0:24;2:10;106
RAPS (DS-M27, DS-M28, DS-M29);7;5/22/2013;7:15;9:55;880
CDS-39;20;5/22/2013;11:23;11:28;5
CDS-15-1;19;5/22/2013;11:29;11:34;5
CDS-42;20;5/22/2013;11:21;11:51;30
CDS-43;20;5/22/2013;11:26;11:29;3
CDS-7;21;5/22/2013;11:22;11:33;11
CDS-8;21;5/22/2013;11:29;11:33;4
PULASKI RD PS (18E-PS);21;5/23/2013;0:1;0:33;32
CDS-21;18;5/23/2013;0:1;3:5;184
CDS-2;21;5/23/2013;0:1;0:33;32
CDS-4;21;5/23/2013;0:1;0:33;32
CDS-6;21;5/23/2013;0:1;0:33;32
DS-M03;9;5/23/2013;0:0;7:24;444
DS-M08;9;5/23/2013;4:16;5:36;80
DS-N08;4;5/23/2013;0:0;0:35;35
DS-N08;4;5/23/2013;2:12;6:27;255
DS-N08;4;5/23/2013;6:31;7:4;33
DS-N08;4;5/23/2013;7:6;7:17;11
DS-N08;4;5/23/2013;7:20;7:23;3
PULASKI RD PS (18E-PS);21;5/23/2013;5:27;1:6;459
CDS-2;21;5/23/2013;5:27;1:6;459
CDS-4;21;5/23/2013;5:27;1:6;459
CDS-6;21;5/23/2013;5:27;1:6;459
CDS-21;18;5/23/2013;5:13;7:33;860
DS-N08;4;5/23/2013;7:24;7:35;11
DS-N17;4;5/23/2013;8:39;9:23;44
PULASKI RD PS (18E-PS);21;5/23/2013;5:27;1:6;459
125TH ST PS (CDS-13);19;5/28/2013;8:40;11:59;199
PULASKI RD PS (18E-PS);21;5/28/2013;11:45;11:59;14
CDS-18;19;5/28/2013;11:54;11:59;5
CDS-20;19;5/28/2013;11:54;11:59;5
CDS-2;21;5/28/2013;11:45;11:59;14
CDS-4;21;5/28/2013;11:45;11:59;14
CDS-5;21;5/28/2013;11:45;11:59;14
CDS-6;21;5/28/2013;11:45;11:59;14
DS-D37,38;16;5/28/2013;11:5;11:59;54
DS-D39,42,46;16;5/28/2013;11:15;11:59;44
DS-D47,50,51;16;5/28/2013;8:4;8:7;3
DS-M03;9;5/28/2013;9:34;11:59;145
DS-M08;9;5/28/2013;9:33;11:59;146
DS-M09;9;5/28/2013;8:40;8:44;4
DS-M09;9;5/28/2013;9:28;11:59;151
DS-M13;8;5/28/2013;9:37;11:29;112
DS-M15;8;5/28/2013;9:27;11:59;152
DS-M19;8;5/28/2013;9:36;11:59;143
DS-M20;8;5/28/2013;9:29;10:31;62
DS-M21;8;5/28/2013;9:28;10:22;54
DS-M25;6;5/28/2013;9:28;11:2;94
DS-M26;7;5/28/2013;8:45;8:50;5
DS-M26;7;5/28/2013;9:56;10:4;8
DS-M30;7;5/28/2013;9:28;11:59;151
DS-M40;6;5/28/2013;9:36;10:11;35
DS-M45;6;5/28/2013;9:28;10:0;32
DS-M61A;3;5/28/2013;9:29;10:2;33
DS-M66;3;5/28/2013;9:27;10:19;52
DS-M73;3;5/28/2013;9:29;9:41;12
TG-I12;8;5/28/2013;8:49;9:1;12
TG-I28 & I29;6;5/28/2013;8:29;8:52;23
RAPS (DS-M27, DS-M28, DS-M29);7;5/28/2013;9:5;11:59;174
MWRD DS-M114N;1;5/28/2013;9:53;9:56;3
DS-M79;3;5/28/2013;9:32;11:22;110
DS-M88;3;5/28/2013;9:45;10:35;50
DS-N02;4;5/28/2013;9:33;11:59;146
DS-N05;4;5/28/2013;9:55;11:36;101
DS-N08;4;5/28/2013;10:2;10:44;42
CDS-11;21;5/28/2013;8:54;9:34;40
CDS-18;19;5/28/2013;11:53;11:59;6
CDS-41;20;5/28/2013;9:24;10:16;52
CDS-45;20;5/28/2013;9:11;9:57;46
125TH ST PS (CDS-13);19;5/29/2013;0:1;6:25;384
PULASKI RD PS (18E-PS);21;5/29/2013;0:1;8:14;1213
CDS-18;19;5/29/2013;0:1;3:48;227
CDS-20;19;5/29/2013;0:1;5:13;312
CDS-20;19;5/29/2013;0:1;5:13;312
CDS-2;21;5/29/2013;0:1;8:14;1213
CDS-4;21;5/29/2013;0:1;8:14;1213
CDS-5;21;5/29/2013;0:1;1:30;809
CDS-6;21;5/29/2013;0:1;1:30;809
CDS-21;18;5/29/2013;0:18;11:59;1421
CDS-22;18;5/29/2013;0:18;11:59;1421
DS-D37,38;16;5/29/2013;0:0;1:34;94
DS-D39,42,46;16;5/29/2013;0:0;0:40;40
DS-M03;9;5/29/2013;0:0;6:28;388
DS-M08;9;5/29/2013;0:0;6:28;388
DS-M09;9;5/29/2013;0:0;4:24;264
DS-M09;9;5/29/2013;4:30;4:33;3
DS-M15;8;5/29/2013;0:0;3:24;204
DS-M19;8;5/29/2013;0:0;0:31;31
DS-M21;8;5/29/2013;1:30;6:28;298
DS-M30;7;5/29/2013;0:0;0:40;40
RAPS (DS-M27, DS-M28, DS-M29);7;5/29/2013;0:0;7:0;420
DS-N02;4;5/29/2013;0:0;6:33;393
CDS-18;19;5/29/2013;0:1;3:48;227
CDS-21;18;5/30/2013;0:1;0:19;18
CDS-22;18;5/30/2013;0:1;0:19;18
PULASKI RD PS (18E-PS);21;5/30/2013;5:53;11:59;366
CDS-2;21;5/30/2013;5:53;11:59;366
CDS-4;21;5/30/2013;5:53;11:59;366
CDS-20;19;5/30/2013;6:47;7:11;24
PULASKI RD PS (18E-PS);21;5/30/2013;11:32;11:59;27
DS-D08;14;5/30/2013;4:29;5:26;57
DS-D15;14;5/30/2013;4:39;4:43;4
DS-D18;14;5/30/2013;3:9;4:55;106
DS-D41;15;5/30/2013;11:53;11:55;2
DS-D43;15;5/30/2013;10:16;10:28;12
DS-D48;15;5/30/2013;11:7;11:59;52
DS-D49;15;5/30/2013;11:33;11:44;11
DS-M08;9;5/30/2013;11:35;11:59;24
DS-N08;4;5/30/2013;7:4;11:59;295
DS-N10B;4;5/30/2013;11:22;11:59;37
DS-N12;4;5/30/2013;11:48;11:59;11
DS-N13R;4;5/30/2013;4:29;5:33;64
DS-N05;4;5/30/2013;5:41;11:59;378
PULASKI RD PS (18E-PS);21;5/31/2013;0:1;11:17;676
CDS-2;21;5/31/2013;0:1;11:30;689
CDS-4;21;5/31/2013;0:1;11:30;689
CDS-12;19;5/31/2013;3:34;4:22;48
DS-D07;13;5/31/2013;3:36;4:39;63
DS-D10;14;5/31/2013;3:6;3:36;30
DS-D15;14;5/31/2013;3:12;3:44;32
DS-D18;14;5/31/2013;3:9;4:26;77
DS-D28;14;5/31/2013;2:54;4:16;82
DS-D31;14;5/31/2013;3:12;3:23;11
DS-D32;14;5/31/2013;2:49;4:16;87
DS-D35;14;5/31/2013;3:7;3:39;32
DS-D37,38;16;5/31/2013;3:4;4:31;87
DS-D41;15;5/31/2013;3:16;3:58;42
DS-D48;15;5/31/2013;0:0;0:10;10
DS-D48;15;5/31/2013;3:1;3:53;52
DS-D49;15;5/31/2013;3:1;3:53;52
DS-M03;9;5/31/2013;3:12;6:28;196
DS-M08;9;5/31/2013;0:0;0:57;57
DS-M08;9;5/31/2013;2:50;6:53;243
DS-M09;9;5/31/2013;0:1;8:12;491
DS-M13;8;5/31/2013;3:19;4:20;61
DS-M104;1;5/31/2013;3:20;4:28;68
DS-M106E;1;5/31/2013;4:31;5:20;49
DS-M109 N;1;5/31/2013;3:23;4:33;70
DS-M79;3;5/31/2013;3:6;5:22;136
DS-M79;3;5/31/2013;0:1;2:6;125
DS-M79;3;5/31/2013;3:1;6:16;195
DS-M84;3;5/31/2013;3:32;5:39;127
DS-M88;3;5/31/2013;0:15;0:54;39
DS-M88;3;5/31/2013;3:30;5:5;95
DS-N08;4;5/31/2013;0:0;2:38;158
DS-N10B;4;5/31/2013;0:0;0:41;41
DS-N10B;4;5/31/2013;3:6;4:31;85
DS-N12;4;5/31/2013;0:0;0:56;56
DS-N12;4;5/31/2013;3:20;4:47;87
DS-N13R;4;5/31/2013;3:23;3:53;30
DS-N18;4;5/31/2013;3:9;3:51;42
DS-D31;14;5/31/2013;0:6;1:47;101
DS-D31;14;5/31/2013;2:43;4:10;807
DS-M11;9;5/31/2013;3:41;4:38;57
DS-N05;4;5/31/2013;0:0;11:10;670
DS-N05;4;5/31/2013;0:2;1:27;85
DS-N08;4;5/31/2013;3:3;9:10;367
CDS-12;19;5/31/2013;3:34;4:22;48
CDS-11;21;5/9/2013;11:15;11:59;44
CDS-45;20;6/10/2013;2:36;2:50;14
DS-N02;4;6/10/2013;1:10;1:50;40
NBPS (DS-M90 & DS-M91);3;6/1/2013;5:47;11:41;354
PULASKI RD PS (18E-PS);21;6/1/2013;8:7;11:59;232
CDS-20;19;6/1/2013;8:42;10:32;110
CDS-21;18;6/1/2013;8:3;11:59;236
CDS-22;18;6/1/2013;8:38;9:26;48
CDS-2;21;6/1/2013;8:7;11:59;232
CDS-4;21;6/1/2013;8:7;11:59;232
DS-D08;14;6/1/2013;5:20;6:10;50
DS-D22,24,25;14;6/1/2013;5:29;5:50;21
DS-M03;9;6/1/2013;5:43;10:29;286
DS-M08;9;6/1/2013;5:29;11:59;390
DS-M09;9;6/1/2013;5:53;11:59;366
DS-M11;9;6/1/2013;6:10;9:29;199
DS-M13;8;6/1/2013;5:52;8:58;186
DS-M20;8;6/1/2013;5:52;7:0;68
DS-M20;8;6/1/2013;7:37;8:16;39
DS-M21;8;6/1/2013;7:34;11:59;265
DS-M25;6;6/1/2013;5:44;8:11;147
DS-M26;7;6/1/2013;7:36;7:39;3
DS-M30;7;6/1/2013;5:49;6:56;67
DS-M30;7;6/1/2013;7:26;9:21;115
DS-M40;6;6/1/2013;7:51;8:28;37
DS-M45;6;6/1/2013;5:51;6:38;47
DS-M45;6;6/1/2013;7:43;8:29;46
DS-M49;6;6/1/2013;5:45;6:3;18
DS-M51;6;6/1/2013;5:48;5:53;5
DS-M66;3;6/1/2013;6:14;6:50;36
DS-M70;3;6/1/2013;5:43;6:13;30
DS-M73;3;6/1/2013;5:46;6:25;39
RAPS (DS-M27, DS-M28, DS-M29);7;6/1/2013;6:20;11:59;339
WCPS (DS-D34-AI);23;6/1/2013;8:0;8:2;2
DS-M101;1;6/1/2013;5:25;6:23;58
DS-M101;1;6/1/2013;7:6;7:56;50
DS-M104;1;6/1/2013;5:39;8:22;163
DS-M106E;1;6/1/2013;6:3;11:59;356
DS-M109 N;1;6/1/2013;5:46;8:54;188
DS-M79;3;6/1/2013;5:31;11:59;388
DS-M84;3;6/1/2013;5:28;9:35;247
DS-M88;3;6/1/2013;5:18;5:21;3
DS-N03;4;6/1/2013;5:44;6:4;20
DS-N03;4;6/1/2013;7:20;7:55;35
DS-N05;4;6/1/2013;5:57;11:59;362
DS-N08;4;6/1/2013;5:31;11:59;388
DS-N10A;4;6/1/2013;5:28;6:41;73
DS-N10B;4;6/1/2013;5:30;8:47;197
DS-N11;4;6/1/2013;5:34;6:4;30
DS-N12;4;6/1/2013;5:25;9:8;223
DS-N13R;4;6/1/2013;5:24;6:23;59
DS-N16;4;6/1/2013;5:28;5:53;25
DS-N17;4;6/1/2013;5:25;6:20;55
DS-N17;4;6/1/2013;7:25;7:36;11
DS-N18;4;6/1/2013;5:25;6:11;46
DS-N19;4;6/1/2013;5:22;6:16;54
CDS-45;20;6/12/2013;6:38;6:51;13
DS-D08;14;6/12/2013;6:34;7:12;38
DS-D08;14;6/21/2013;1:13;1:56;43
DS-D18;14;6/21/2013;1:12;2:9;57
DS-D22,24,25;14;6/21/2013;1:18;1:27;9
DS-N02;4;6/21/2013;1:35;3:15;100
DS-N18;4;6/21/2013;1:13;1:27;14
PULASKI RD PS (18E-PS);21;6/2/2013;0:1;7:2;421
CDS-21;18;6/2/2013;0:1;5:1;1020
CDS-2;21;6/2/2013;0:1;7:2;421
CDS-4;21;6/2/2013;0:1;7:2;421
DS-M08;9;6/2/2013;0:0;2:41;161
DS-M09;9;6/2/2013;0:0;3:39;219
DS-M21;8;6/2/2013;0:0;2:16;136
RAPS (DS-M27, DS-M28, DS-M29);7;6/2/2013;0:0;2:40;160
DS-M106E;1;6/2/2013;0:0;0:39;39
DS-M79;3;6/2/2013;0:0;2:7;127
DS-N05;4;6/2/2013;0:0;3:56;236
DS-N08;4;6/2/2013;0:0;0:3;3
NBPS (DS-M90 & DS-M91);3;6/26/2013;8:20;6:11;591
DS-M70;3;6/26/2013;8:19;8:33;14
TG-I12;8;6/26/2013;8:22;8:25;3
TG-I9;8;6/26/2013;8:21;8:25;4
DS-M79;3;6/26/2013;7:22;7:49;27
DS-N08;4;6/26/2013;6:23;6:47;24
DS-D02;13;6/26/2013;8:10;11:16;186
DS-N10B;4;6/26/2013;5:40;5:58;18
DS-N10B;4;6/26/2013;6:4;8:4;120
DS-N12;4;6/26/2013;5:31;7:28;117
DS-N16;4;6/26/2013;7:37;7:39;2
TG-M94;2;6/26/2013;5:34;6:7;33
DS-D05;13;6/26/2013;5:39;5:43;4
DS-D06;13;6/26/2013;8:10;2:2;352
DS-D07;13;6/26/2013;8:11;11:32;201
DS-D08;14;6/26/2013;4:3;4:46;43
DS-D08;14;6/26/2013;5:33;8:10;157
DS-D31;14;6/26/2013;8:55;9:55;60
DS-D31;14;6/26/2013;10:36;0:5;89
DS-D32;14;6/26/2013;8:50;11:58;188
DS-D47,50,51;16;6/26/2013;10:43;0:16;93
DS-M08;9;6/26/2013;11:21;11:42;21
DS-M08;9;6/26/2013;11:58;0:59;61
DS-M09;9;6/26/2013;9:13;3:40;387
DS-M11;9;6/26/2013;11:23;1:37;134
DS-M15;8;6/26/2013;8:10;3:43;453
DS-M20;8;6/26/2013;8:23;9:28;65
DS-M25;6;6/26/2013;8:11;9:11;60
DS-M25;6;6/26/2013;9:20;9:47;27
DS-M30;7;6/26/2013;8:14;9:2;48
DS-M45;6;6/26/2013;8:16;8:38;22
DS-M61A;3;6/26/2013;8:22;9:15;53
DS-M66;3;6/26/2013;8:16;9:56;100
DS-M73;3;6/26/2013;8:15;9:18;63
DS-M75;3;6/26/2013;8:41;10:15;94
TG-I12;8;6/26/2013;8:22;8:25;3
TG-I9;8;6/26/2013;8:21;8:25;4
RAPS (DS-M27, DS-M28, DS-M29);7;6/26/2013;9:30;5:20;470
DS-M104;1;6/26/2013;8:10;1:20;310
DS-M106E;1;6/26/2013;8:16;2:19;363
DS-M109 N;1;6/26/2013;8:10;7:22;672
DS-M79;3;6/26/2013;8:16;4:44;508
DS-M84;3;6/26/2013;6:30;1:36;426
DS-M88;3;6/26/2013;8:16;2:8;352
DS-N02;4;6/26/2013;5:28;8:40;192
DS-N03;4;6/26/2013;8:22;9:12;50
DS-N04;4;6/26/2013;8:20;9:2;42
DS-N06;4;6/26/2013;8:18;9:28;70
DS-N08;4;6/26/2013;8:17;11:12;175
DS-N10A;4;6/26/2013;8:18;11:13;175
DS-N10B;4;6/26/2013;8:16;11:12;176
DS-N11;4;6/26/2013;8:18;9:37;79
DS-N12;4;6/26/2013;5:31;7:28;117
DS-N13R;4;6/26/2013;8:28;9:23;55
DS-N16;4;6/26/2013;8:15;9:44;89
DS-N17;4;6/26/2013;8:16;11:29;193
DS-N18;4;6/26/2013;5:33;0:29;416
DS-N19;4;6/26/2013;8:17;11:9;172
TG-M94;2;6/26/2013;5:34;6:7;33
DS-D13;14;6/27/2013;6:7;7:16;69
DS-D14;14;6/27/2013;6:2;6:41;39
DS-D15;14;6/27/2013;5:53;6:57;64
DS-D17;14;6/27/2013;5:46;6:6;20
DS-D18;14;6/27/2013;5:46;7:9;83
DS-D19,23;14;6/27/2013;6:3;6:47;44
DS-D22,24,25;14;6/27/2013;5:50;6:50;60
DS-D28;14;6/27/2013;5:52;7:36;104
DS-D31;14;6/27/2013;5:54;6:50;56
DS-D35;14;6/27/2013;6:18;6:32;14
DS-D41;15;6/27/2013;6:16;7:19;63
DS-D44,45;15;6/27/2013;6:7;7:26;79
DS-D48;15;6/27/2013;6:5;7:10;65
DS-D49;15;6/27/2013;6:21;7:50;89
DS-D52;14;6/27/2013;6:18;7:32;74
DS-M09;9;6/27/2013;7:9;11:59;290
DS-M11;9;6/27/2013;6:19;9:10;171
DS-M13;8;6/27/2013;6:11;8:28;137
DS-M15;8;6/27/2013;6:8;11:55;347
DS-M20;8;6/27/2013;6:26;7:19;53
DS-M21;8;6/27/2013;6:53;7:0;7
DS-M21;8;6/27/2013;7:3;7:35;32
DS-M21;8;6/27/2013;7:39;10:8;149
DS-M25;6;6/27/2013;6:9;6:59;50
DS-M25;6;6/27/2013;7:37;7:48;11
DS-M30;7;6/27/2013;6:9;7:58;109
RAPS (DS-M27, DS-M28, DS-M29);7;6/27/2013;6:50;11:59;309
DS-M79;3;6/27/2013;6:43;8:42;119
DS-M84;3;6/27/2013;6:40;7:47;67
DS-M88;3;6/27/2013;7:20;7:45;25
DS-N08;4;6/27/2013;6:47;6:52;5
DS-D44,45;15;6/28/2013;6:18;6:21;3
DS-D44,45;15;6/28/2013;6:18;6:21;3
DS-D48;15;6/28/2013;5:53;5:57;4
DS-M09;9;6/28/2013;0:0;3:56;236
DS-M11;9;6/28/2013;2:55;2:58;3
DS-M11;9;6/28/2013;11:47;11:50;3
DS-M11;9;6/28/2013;3:24;3:30;6
RAPS (DS-M27, DS-M28, DS-M29);7;6/28/2013;0:0;0:35;35
DS-M82;3;6/28/2013;0:0;0:26;26
DS-M88;3;6/28/2013;9:26;0:38;192
DS-D06;13;7/15/2013;11:10;11:17;7
DS-D28;14;7/15/2013;1:25;1:28;3
DS-D08;14;7/19/2013;9:51;10:27;36
DS-D18;14;7/19/2013;9:56;11:59;123
DS-M15;8;7/19/2013;11:36;11:59;23
DS-D18;14;7/20/2013;0:0;0:26;26
DS-M15;8;7/20/2013;0:0;0:55;55
DS-D18;14;7/31/2013;8:53;10:12;79
CDS-45;20;7/8/2013;0:38;1:8;30
DS-M105W;1;7/8/2013;9:20;9:26;6
DS-D18;14;8/2/2013;7:8;7:29;21
DS-M79;3;8/2/2013;7:56;8:13;17
DS-N02;4;8/2/2013;7:35;7:38;3
TG-M16;8;8/30/2013;6:25;6:29;4
DS-M79;3;8/30/2013;6:32;7:27;55
DS-M84;3;8/30/2013;6:39;6:56;17
DS-N03;4;8/30/2013;6:10;6:24;14
DS-N08;4;8/30/2013;6:6;6:9;3
DS-N18;4;8/30/2013;5:58;6:3;5
DS-M03;9;8/31/2013;0:14;1:59;105
DS-M03;9;8/31/2013;2:5;3:19;74
DS-M08;9;8/31/2013;0:15;2:1;106
DS-M08;9;8/31/2013;2:8;2:14;6
DS-M09;9;8/31/2013;0:13;1:5;52
DS-M15;8;8/31/2013;0:15;0:29;14
DS-M19;8;8/31/2013;0:14;1:30;76
DS-M21;8;8/31/2013;0:20;2:4;104
DS-M21;8;8/31/2013;3:5;3:7;2
DS-M25;6;8/31/2013;0:16;1:26;70
DS-M30;7;8/31/2013;0:16;2:4;108
RAPS (DS-M27, DS-M28, DS-M29);7;8/31/2013;0:32;6:50;1098
DS-D07;13;9/15/2013;3:53;4:43;50
NBPS (DS-M90 & DS-M91);3;9/18/2013;8:27;10:31;124
DS-D07;13;9/18/2013;7:6;9:50;164
DS-D21,25;14;9/18/2013;6:39;6:45;6
DS-D21,25;14;9/18/2013;6:51;7:2;11
DS-M03;9;9/18/2013;8:31;8:37;6
DS-M03;9;9/18/2013;8:47;8:55;8
DS-M08;9;9/18/2013;8:13;9:16;63
DS-M09;9;9/18/2013;8:14;11:43;209
DS-M10;9;9/18/2013;8:13;9:35;82
DS-M11;9;9/18/2013;9:19;10:21;62
DS-M15;8;9/18/2013;9:43;9:50;7
DS-M15;8;9/18/2013;8:13;11:51;218
DS-M19;8;9/18/2013;8:12;10:44;152
DS-M20;8;9/18/2013;8:10;11:59;229
DS-M21;8;9/18/2013;8:17;8:44;27
DS-M30;7;9/18/2013;8:10;11:59;229
DS-M38;6;9/18/2013;8:10;11:57;227
DS-M40;6;9/18/2013;7:54;7:59;5
DS-M40;6;9/18/2013;8:11;10:47;156
DS-M45;6;9/18/2013;8:26;9:38;72
DS-M47;6;9/18/2013;8:26;9:3;37
DS-M49;6;9/18/2013;8:30;10:16;106
DS-M51;6;9/18/2013;8:11;9:3;52
DS-M61A;3;9/18/2013;8:11;10:30;139
DS-M66;3;9/18/2013;7:59;8:4;5
DS-M66;3;9/18/2013;8:11;10:34;143
DS-M70;3;9/18/2013;8:33;9:15;42
DS-M73;3;9/18/2013;8:11;9:54;103
DS-M75;3;9/18/2013;8:56;10:32;96
TG-I12;8;9/18/2013;7:58;8:51;53
TG-I12;8;9/18/2013;9:6;10:36;90
TG-I28 & I29;6;9/18/2013;7:58;9:53;115
TG-I32;6;9/18/2013;7:58;8:58;60
TG-I32;6;9/18/2013;9:20;9:27;7
TG-I9;8;9/18/2013;9:14;9:59;45
TG-M16;8;9/18/2013;9:1;9:43;42
TG-M22;8;9/18/2013;7:31;7:37;6
TG-M22;8;9/18/2013;8:3;8:40;37
DS-M79;3;9/18/2013;7:19;7:52;33
DS-M79;3;9/18/2013;7:55;11:59;244
DS-M80;3;9/18/2013;8:36;9:20;44
DS-M80;3;9/18/2013;9:31;9:37;6
DS-M82;3;9/18/2013;8:13;11:32;199
DS-M83;3;9/18/2013;8:21;8:39;18
DS-M88;3;9/18/2013;8:11;11:6;175
DS-M88;3;9/18/2013;11:10;11:13;3
DS-M88;3;9/18/2013;11:17;11:19;2
DS-N02;4;9/18/2013;7:56;7:58;2
DS-N02;4;9/18/2013;8:10;9:4;54
DS-N02;4;9/18/2013;9:7;9:16;9
DS-N03;4;9/18/2013;8:10;8:47;37
DS-N04;4;9/18/2013;8:14;8:50;36
DS-N05;4;9/18/2013;8:11;8:52;41
DS-N05;4;9/18/2013;8:57;9:6;9
DS-N05;4;9/18/2013;9:9;9:14;5
DS-N06;4;9/18/2013;8:11;8:44;33
DS-N07;4;9/18/2013;8:12;10:12;120
DS-N08;4;9/18/2013;7:47;7:49;2
DS-N08;4;9/18/2013;8:11;9:15;64
DS-N09;4;9/18/2013;8:10;8:27;17
DS-N10A;4;9/18/2013;8:13;8:54;41
DS-N10A;4;9/18/2013;9:4;9:6;2
DS-N10B;4;9/18/2013;7:36;7:38;2
DS-N10B;4;9/18/2013;8:13;8:59;46
DS-N11;4;9/18/2013;8:12;8:35;23
DS-N12;4;9/18/2013;8:11;8:56;45
DS-N12;4;9/18/2013;9:6;9:14;8
DS-N13R;4;9/18/2013;8:24;8:37;13
DS-N18;4;9/18/2013;7:41;7:56;15
DS-N18;4;9/18/2013;8:11;8:35;24
RAPS (DS-M27, DS-M28, DS-M29);7;9/18/2013;8:25;11:59;214
NBPS (DS-M90 & DS-M91);3;9/19/2013;10:10;1:23;193
DS-D07;13;9/19/2013;6:53;7:44;51
DS-D07;13;9/19/2013;9:47;1:48;241
DS-M15;8;9/19/2013;0:32;3:33;181
DS-M15;8;9/19/2013;7:25;1:7;342
DS-M20;8;9/19/2013;0:0;0:2;2
DS-M30;7;9/19/2013;0:0;11:59;1439
DS-M70;3;9/19/2013;6:27;7:0;33
DS-M73;3;9/19/2013;6:38;7:38;60
DS-M75;3;9/19/2013;6:33;8:27;114
DS-M75;3;9/19/2013;10:40;11:22;42
TG-M22;8;9/19/2013;10:31;11:7;36
RAPS (DS-M27, DS-M28, DS-M29);7;9/19/2013;10:50;4:10;320
WCPS (DS-D34-AI);23;9/19/2013;7:15;9:0;105
DS-M101;1;9/19/2013;10:37;10:57;20
DS-M104;1;9/19/2013;7:39;8:15;36
DS-M104;1;9/19/2013;10:11;11:15;64
DS-M106E;1;9/19/2013;8:43;1:21;278
DS-M109 N;1;9/19/2013;7:41;8:56;75
DS-M109 N;1;9/19/2013;9:17;0:48;211
MWRD DS-M114N;1;9/19/2013;7:38;8:34;56
DS-M79;3;9/19/2013;6:38;2:5;447
DS-M80;3;9/19/2013;6:47;8:2;75
DS-M80;3;9/19/2013;10:19;11:30;71
DS-M80;3;9/19/2013;11:43;0:11;28
DS-M80;3;9/19/2013;1:18;1:25;7
DS-M82;3;9/19/2013;6:19;1:25;426
DS-M82;3;9/19/2013;1:32;1:34;2
DS-M83;3;9/19/2013;6:27;6:43;16
DS-M84;3;9/19/2013;6:55;7:27;32
DS-M84;3;9/19/2013;10:14;11:19;65
DS-M86;3;9/19/2013;10:9;10:49;40
DS-M88;3;9/19/2013;6:34;9:20;166
DS-M88;3;9/19/2013;9:59;3:24;325
NBPS (DS-M90 & DS-M91);3;9/19/2013;9:54;11:2;68
DS-M97;2;9/19/2013;10:18;10:47;29
DS-N02;4;9/19/2013;6:30;11:59;1049
DS-N03;4;9/19/2013;9:55;10:45;50
DS-N05;4;9/19/2013;6:33;11:59;1046
DS-N06;4;9/19/2013;9:54;10:33;39
DS-N08;4;9/19/2013;6:39;8:32;113
DS-N08;4;9/19/2013;9:36;3:28;352
DS-N10A;4;9/19/2013;10:59;1:0;121
DS-N10B;4;9/19/2013;6:47;7:7;20
DS-N10B;4;9/19/2013;9:44;0:15;151
DS-N11;4;9/19/2013;9:54;10:48;54
DS-N12;4;9/19/2013;7:38;8:23;45
DS-N12;4;9/19/2013;10:1;1:17;196
DS-N13R;4;9/19/2013;9:56;11:25;89
DS-N18;4;9/19/2013;10:7;10:48;41
TG-M94;2;9/19/2013;10:13;10:28;15
RAPS (DS-M27, DS-M28, DS-M29);7;9/19/2013;0:0;5:25;325
RAPS (DS-M27, DS-M28, DS-M29);7;9/19/2013;10:50;4:5;315
DS-N05;4;9/20/2013;0:0;0:47;767
DS-N02;4;9/20/2013;0:0;2:17;857
DS-M30;7;9/20/2013;0:0;6:32;392
